-- phpMyAdmin SQL Dump
-- version 4.6.6
-- https://www.phpmyadmin.net/
--
-- Host: 127.0.0.1
-- Generation Time: Apr 05, 2017 at 12:34 PM
-- Server version: 5.6.24
-- PHP Version: 5.6.8

SET SQL_MODE = "NO_AUTO_VALUE_ON_ZERO";
SET time_zone = "+00:00";


/*!40101 SET @OLD_CHARACTER_SET_CLIENT=@@CHARACTER_SET_CLIENT */;
/*!40101 SET @OLD_CHARACTER_SET_RESULTS=@@CHARACTER_SET_RESULTS */;
/*!40101 SET @OLD_COLLATION_CONNECTION=@@COLLATION_CONNECTION */;
/*!40101 SET NAMES utf8mb4 */;

--
-- Database: `spa_arima`
--

-- --------------------------------------------------------

--
-- Table structure for table `city`
--

CREATE TABLE `city` (
  `city_id` int(5) NOT NULL,
  `city_code` varchar(2) COLLATE utf8_unicode_ci NOT NULL,
  `city_name` varchar(150) COLLATE utf8_unicode_ci NOT NULL,
  `city_geo_id` int(5) NOT NULL DEFAULT '0'
) ENGINE=MyISAM DEFAULT CHARSET=utf8 COLLATE=utf8_unicode_ci;

--
-- Dumping data for table `city`
--

INSERT INTO `city` (`city_id`, `city_code`, `city_name`, `city_geo_id`) VALUES
(1, '10', 'กรุงเทพมหานคร', 2),
(2, '11', 'สมุทรปราการ', 2),
(3, '12', 'นนทบุรี', 2),
(4, '13', 'ปทุมธานี', 2),
(5, '14', 'พระนครศรีอยุธยา', 2),
(6, '15', 'อ่างทอง', 2),
(7, '16', 'ลพบุรี', 2),
(8, '17', 'สิงห์บุรี', 2),
(9, '18', 'ชัยนาท', 2),
(10, '19', 'สระบุรี', 2),
(11, '20', 'ชลบุรี', 5),
(12, '21', 'ระยอง', 5),
(13, '22', 'จันทบุรี', 5),
(14, '23', 'ตราด', 5),
(15, '24', 'ฉะเชิงเทรา', 5),
(16, '25', 'ปราจีนบุรี', 5),
(17, '26', 'นครนายก', 2),
(18, '27', 'สระแก้ว', 5),
(19, '30', 'นครราชสีมา', 3),
(20, '31', 'บุรีรัมย์', 3),
(21, '32', 'สุรินทร์', 3),
(22, '33', 'ศรีสะเกษ', 3),
(23, '34', 'อุบลราชธานี', 3),
(24, '35', 'ยโสธร', 3),
(25, '36', 'ชัยภูมิ', 3),
(26, '37', 'อำนาจเจริญ', 3),
(27, '39', 'หนองบัวลำภู', 3),
(28, '40', 'ขอนแก่น', 3),
(29, '41', 'อุดรธานี', 3),
(30, '42', 'เลย', 3),
(31, '43', 'หนองคาย', 3),
(32, '44', 'มหาสารคาม', 3),
(33, '45', 'ร้อยเอ็ด', 3),
(34, '46', 'กาฬสินธุ์', 3),
(35, '47', 'สกลนคร', 3),
(36, '48', 'นครพนม', 3),
(37, '49', 'มุกดาหาร', 3),
(38, '50', 'เชียงใหม่', 1),
(39, '51', 'ลำพูน', 1),
(40, '52', 'ลำปาง', 1),
(41, '53', 'อุตรดิตถ์', 1),
(42, '54', 'แพร่', 1),
(43, '55', 'น่าน', 1),
(44, '56', 'พะเยา', 1),
(45, '57', 'เชียงราย', 1),
(46, '58', 'แม่ฮ่องสอน', 1),
(47, '60', 'นครสวรรค์', 2),
(48, '61', 'อุทัยธานี', 2),
(49, '62', 'กำแพงเพชร', 2),
(50, '63', 'ตาก', 4),
(51, '64', 'สุโขทัย', 2),
(52, '65', 'พิษณุโลก', 2),
(53, '66', 'พิจิตร', 2),
(54, '67', 'เพชรบูรณ์', 2),
(55, '70', 'ราชบุรี', 4),
(56, '71', 'กาญจนบุรี', 4),
(57, '72', 'สุพรรณบุรี', 2),
(58, '73', 'นครปฐม', 2),
(59, '74', 'สมุทรสาคร', 2),
(60, '75', 'สมุทรสงคราม', 2),
(61, '76', 'เพชรบุรี', 4),
(62, '77', 'ประจวบคีรีขันธ์', 4),
(63, '80', 'นครศรีธรรมราช', 6),
(64, '81', 'กระบี่', 6),
(65, '82', 'พังงา', 6),
(66, '83', 'ภูเก็ต', 6),
(67, '84', 'สุราษฎร์ธานี', 6),
(68, '85', 'ระนอง', 6),
(69, '86', 'ชุมพร', 6),
(70, '90', 'สงขลา', 6),
(71, '91', 'สตูล', 6),
(72, '92', 'ตรัง', 6),
(73, '93', 'พัทลุง', 6),
(74, '94', 'ปัตตานี', 6),
(75, '95', 'ยะลา', 6),
(76, '96', 'นราธิวาส', 6),
(77, '97', 'บึงกาฬ', 3);

-- --------------------------------------------------------

--
-- Table structure for table `customers`
--

CREATE TABLE `customers` (
  `cus_id` int(11) NOT NULL,
  `cus_created` datetime NOT NULL,
  `cus_prefix_name` varchar(5) NOT NULL,
  `cus_first_name` varchar(20) NOT NULL,
  `cus_last_name` varchar(20) NOT NULL,
  `cus_nickname` varchar(20) NOT NULL,
  `cus_birthday` date NOT NULL,
  `cus_address` text NOT NULL,
  `cus_zip` int(5) NOT NULL,
  `cus_city_id` int(11) NOT NULL,
  `cus_email` varchar(30) DEFAULT NULL,
  `cus_phone` varchar(15) DEFAULT NULL,
  `cus_lineID` varchar(128) DEFAULT NULL,
  `cus_card_id` varchar(13) NOT NULL,
  `cus_updated` datetime NOT NULL,
  `cus_emp_id` int(11) NOT NULL,
  `cus_image_id` int(11) NOT NULL,
  `cus_bookmark` tinyint(1) NOT NULL
) ENGINE=InnoDB DEFAULT CHARSET=utf8;

--
-- Dumping data for table `customers`
--

INSERT INTO `customers` (`cus_id`, `cus_created`, `cus_prefix_name`, `cus_first_name`, `cus_last_name`, `cus_nickname`, `cus_birthday`, `cus_address`, `cus_zip`, `cus_city_id`, `cus_email`, `cus_phone`, `cus_lineID`, `cus_card_id`, `cus_updated`, `cus_emp_id`, `cus_image_id`, `cus_bookmark`) VALUES
(1, '2017-02-08 11:39:05', 'Mr.', 'พชร', 'นันทอาภา', 'ต้น', '1993-11-01', '{\"number\":\"414\",\"mu\":\"4\",\"village\":\"\",\"alley\":\"3\",\"street\":\"\\u0e40\\u0e01\\u0e32\\u0e30\\u0e04\\u0e32-\\u0e2b\\u0e49\\u0e32\\u0e07\\u0e09\\u0e31\\u0e15\\u0e23\",\"district\":\"\\u0e17\\u0e48\\u0e32\\u0e1c\\u0e32\",\"amphur\":\"\\u0e40\\u0e01\\u0e32\\u0e30\\u0e04\\u0e32\",\"city\":\"40\",\"zip\":\"52130\"}', 52130, 40, 'email@email.com', '0882267030', 'lineID', '1529900668255', '2017-03-11 11:01:05', 6, 0, 0),
(2, '2017-02-20 00:00:00', 'Ms.', 'รัตนา', 'นุ่มนวล', 'หลิน', '0000-00-00', '{\"number\":\"20\",\"mu\":\"2\",\"village\":\"2\",\"alley\":\"\",\"street\":\"\",\"district\":\"5\",\"amphur\":\"\\u0e2b\",\"city\":\"16\",\"zip\":\"45111\"}', 45111, 16, '0839524512', '0843635952', '', '', '2017-02-28 02:59:37', 0, 0, 0),
(3, '2017-02-27 16:15:10', 'Mr.', 'ภุชงค์', 'สวนแจ้ง', 'ชง', '1989-07-05', '{\"number\":\"20\",\"mu\":\"10\",\"village\":\"\",\"alley\":\"5\",\"street\":\"555\",\"district\":\"\\u0e1a\\u0e49\\u0e32\\u0e19\\u0e42\\u0e1b\\u0e48\\u0e07\",\"amphur\":\"\\u0e07\\u0e32\\u0e27\",\"city\":\"40\",\"zip\":\"52110\"}', 52110, 40, 'monkey.d.chong@gmail.com', '0843635525', 'shiichong', '1520500075275', '2017-03-10 10:25:03', 6, 0, 0),
(4, '2017-02-27 17:25:29', 'Ms.', 'จิตรดา', 'จันแดง', 'ก้อย', '1990-11-12', '{\"number\":\"20\",\"mu\":\"10\",\"village\":\"\\u0e1a\\u0e49\\u0e32\\u0e19\\u0e41\\u0e21\\u0e48\\u0e15\\u0e35\\u0e1a\",\"alley\":\"5\",\"street\":\"\",\"district\":\"\\u0e1a\\u0e49\\u0e32\\u0e19\\u0e41\\u0e21\\u0e48\\u0e15\\u0e35\\u0e1a\",\"amphur\":\"\\u0e07\\u0e32\\u0e27\",\"city\":\"40\",\"zip\":\"52110\"}', 52110, 40, 'goi_nana@hotmail.com', '0843635952', '', '1520500075175', '2017-03-03 15:38:32', 6, 0, 0),
(5, '2017-02-28 03:19:06', 'Mr.', 'ทองคำ', 'มันส์ดี', 'คำ', '0000-00-00', '{\"number\":\"2\",\"mu\":\"4\",\"village\":\"\",\"alley\":\"\",\"street\":\"\",\"district\":\"5\",\"amphur\":\"4\",\"city\":\"1\",\"zip\":\"10110\"}', 10110, 1, 'chong@gmail.com', '084557811', '', '', '2017-03-07 14:10:42', 6, 0, 0),
(6, '2017-02-28 06:23:33', 'Mr.', 'ระยอง', 'ฮิฮฺ', 'ยองยอย', '0000-00-00', '{\"number\":\"20\",\"mu\":\"\",\"village\":\"\",\"alley\":\"\",\"street\":\"\",\"district\":\"\",\"amphur\":\"\",\"city\":\"64\",\"zip\":\"\"}', 0, 64, NULL, '08884452265', NULL, '', '2017-02-28 06:23:33', 6, 0, 0),
(7, '2017-02-28 06:30:49', 'Mr.', 'เกียรติศักดิ์', 'สุรินทร์', 'ต้อม', '1988-02-02', '{\"number\":\"18\",\"mu\":\"10\",\"village\":\"\",\"alley\":\"\",\"street\":\"\",\"district\":\"\\u0e1a\\u0e32\\u0e07\\u0e19\\u0e32\",\"amphur\":\"\\u0e1a\\u0e32\\u0e07\\u0e19\\u0e32\",\"city\":\"1\",\"zip\":\"10200\"}', 10200, 1, 'goi.d@hotmail.com', '088362545', 'goiy', '1521012154', '2017-03-10 10:28:40', 6, 0, 0),
(8, '2017-03-03 14:32:50', 'Mr.', 'มีไหม', 'มีมั้ง', 'มั้ง', '1990-11-01', '{\"number\":\"200\",\"mu\":\"10\",\"village\":\"\",\"alley\":\"73\",\"street\":\"\\u0e25\\u0e32\\u0e0b\\u0e32\\u0e25\",\"district\":\"\\u0e1a\\u0e32\\u0e07\\u0e19\\u0e32\",\"amphur\":\"\\u0e1a\\u0e32\\u0e19\\u0e32\",\"city\":\"1\",\"zip\":\"12000\"}', 12000, 1, 'ms', '088567991', 'loidd', '1234567890123', '2017-03-11 09:15:18', 6, 0, 0),
(9, '2017-03-13 09:47:00', 'Ms.', 'วาสนา', 'อ้นประดิษฐ', '', '1987-12-01', '{\"number\":\"31\\/1932\",\"mu\":\"2\",\"village\":\"\",\"alley\":\"\",\"street\":\"\",\"district\":\"\\u0e04\\u0e25\\u0e2d\\u0e07\\u0e2a\\u0e32\\u0e21\",\"amphur\":\"\\u0e04\\u0e25\\u0e2d\\u0e07\\u0e2b\\u0e25\\u0e27\\u0e07\",\"city\":\"4\",\"zip\":\"12120\"}', 12120, 4, 'email@email.com', '0882267030', '', '3150400151891', '2017-03-20 16:54:26', 6, 0, 0),
(12, '2017-03-13 14:24:49', 'Mrs.', 'สุภาพร', 'รูปงาม', '', '0000-00-00', '{\"number\":\"84\\/112\",\"mu\":\"3\",\"village\":\"\",\"alley\":\"\",\"street\":\"\",\"district\":\"\\u0e1a\\u0e32\\u0e07\\u0e1e\\u0e39\\u0e19\",\"amphur\":\"\\u0e40\\u0e21\\u0e37\\u0e2d\\u0e07\",\"city\":\"4\",\"zip\":\"12000\"}', 12000, 4, '', '0814437485', '', '3840200224392', '2017-03-20 17:28:19', 6, 0, 0),
(13, '2017-03-21 14:22:11', 'Ms.', 'รุจิกาณจน์', 'มีแป้น', '', '0000-00-00', '{\"number\":\"1003\\/101\",\"mu\":\"\",\"village\":\"\",\"alley\":\"\",\"street\":\"\\u0e1b\\u0e23\\u0e30\\u0e0a\\u0e32\\u0e0a\\u0e37\\u0e48\\u0e19\",\"district\":\"\\u0e27\\u0e07\\u0e28\\u0e4c\\u0e2a\\u0e27\\u0e48\\u0e32\\u0e07\",\"amphur\":\"\\u0e1a\\u0e32\\u0e07\\u0e0b\\u0e37\\u0e48\\u0e2d\",\"city\":\"1\",\"zip\":\"10800\"}', 10800, 1, '', '0895004129', '', '110370019897', '2017-03-21 14:22:11', 6, 0, 0),
(14, '2017-03-21 17:16:23', 'Co', 'ทีซีแอ๊ดเวอร์ไทซิ่ง', '', '', '0000-00-00', '{\"number\":\"\",\"mu\":\"\",\"village\":\"\",\"alley\":\"\",\"street\":\"\",\"district\":\"\",\"amphur\":\"\",\"city\":\"64\",\"zip\":\"\"}', 0, 64, '', '02-8742867', '', '', '2017-03-21 17:16:23', 6, 0, 0),
(15, '2017-03-21 17:28:42', 'Mrs.', 'แพรวนภา', ' แสงอรุณ', '', '0000-00-00', '{\"number\":\"123\\/36\",\"mu\":\"1\",\"village\":\"\",\"alley\":\"\",\"street\":\"\",\"district\":\"\\u0e1a\\u0e49\\u0e32\\u0e19\\u0e1b\\u0e17\\u0e38\\u0e21\",\"amphur\":\"\\u0e2a\\u0e32\\u0e21\\u0e42\\u0e04\\u0e01\",\"city\":\"4\",\"zip\":\"12160\"}', 12160, 4, '', '', '', '3100905294355', '2017-03-21 17:28:42', 6, 0, 0),
(16, '2017-03-22 09:45:12', 'Mrs.', 'พจวรรณ ', ' ศรีทองกุล', '', '0000-00-00', '{\"number\":\"\",\"mu\":\"\",\"village\":\"\",\"alley\":\"\",\"street\":\"\",\"district\":\"\",\"amphur\":\"\",\"city\":\"64\",\"zip\":\"\"}', 0, 64, '', '095-5370867', '', '', '2017-03-22 09:45:12', 6, 0, 0),
(17, '2017-03-22 09:58:01', 'Mr.', 'คมกริช  ', 'หอมดี', '', '0000-00-00', '{\"number\":\"107\\/404\",\"mu\":\"1\",\"village\":\"\",\"alley\":\"\",\"street\":\"\",\"district\":\"\\u0e1a\\u0e32\\u0e07\\u0e02\\u0e30\\u0e41\\u0e22\\u0e07\",\"amphur\":\"\\u0e40\\u0e21\\u0e37\\u0e2d\\u0e07\",\"city\":\"4\",\"zip\":\"12000\"}', 12000, 4, '', '091-7725691', '', '3401400012512', '2017-03-22 09:58:01', 6, 0, 0),
(18, '2017-03-22 10:14:21', 'Mrs.', 'ณธษา ', 'มณีนิตย์', '', '0000-00-00', '{\"number\":\"108\\/75\",\"mu\":\"7\",\"village\":\"\",\"alley\":\"\",\"street\":\"\",\"district\":\"\\u0e1a\\u0e49\\u0e32\\u0e19\\u0e2a\\u0e23\\u0e49\\u0e32\\u0e07\",\"amphur\":\"\\u0e1a\\u0e32\\u0e07\\u0e1b\\u0e30\\u0e2d\\u0e34\\u0e19\",\"city\":\"4\",\"zip\":\"13170\"}', 13170, 4, '', '097-9814498', '', '3500100393225', '2017-03-22 10:14:21', 6, 0, 0),
(19, '2017-03-22 10:33:09', 'Mr.', 'จักรพงษ์  ', 'ทองโปร่ง', '', '0000-00-00', '{\"number\":\"5\",\"mu\":\"5\",\"village\":\"\",\"alley\":\"\",\"street\":\"\",\"district\":\"\\u0e02\\u0e19\\u0e2d\\u0e19\\u0e2b\\u0e25\\u0e27\\u0e07\",\"amphur\":\"\\u0e1a\\u0e32\\u0e07\\u0e1b\\u0e30\\u0e2d\\u0e34\\u0e19\",\"city\":\"5\",\"zip\":\"13160\"}', 13160, 5, '', '0918851234', '', '3140600257952', '2017-03-22 10:33:09', 6, 0, 0),
(20, '2017-03-22 10:40:31', 'Mrs.', 'อัมภัสชา', 'รังสิพราหมณกุล', '', '0000-00-00', '{\"number\":\"\",\"mu\":\"\",\"village\":\"\",\"alley\":\"\",\"street\":\"37-41 \\u0e15\\u0e23\\u0e2d\\u0e01\\u0e42\\u0e1a\\u0e2a\\u0e16\\u0e4c\\u0e1e\\u0e23\\u0e32\\u0e2b\\u0e21\\u0e13\\u0e4c\",\"district\":\"\\u0e40\\u0e2a\\u0e32\\u0e0a\\u0e34\\u0e07\\u0e0a\\u0e49\\u0e32\",\"amphur\":\"\\u0e1e\\u0e23\\u0e30\\u0e19\\u0e04\\u0e23\",\"city\":\"1\",\"zip\":\"10200\"}', 10200, 1, '', '085-5537957', '', '1103701159430', '2017-03-22 10:40:31', 6, 0, 0),
(21, '2017-03-22 10:49:29', 'Mr.', 'ภัทรชัย', 'แกล้วกล้า', '', '0000-00-00', '{\"number\":\"148\\/33\",\"mu\":\"\",\"village\":\"\\u0e21\\u0e13\\u0e35\\u0e23\\u0e34\\u0e19\\u0e17\\u0e23\\u0e4c\\u0e1b\\u0e32\\u0e23\\u0e4c\\u0e042\",\"alley\":\"\",\"street\":\"\",\"district\":\"\\u0e1a\\u0e49\\u0e32\\u0e19\\u0e01\\u0e25\\u0e32\\u0e07\\u0e2d\",\"amphur\":\"\\u0e40\\u0e21\\u0e37\\u0e2d\\u0e07\",\"city\":\"4\",\"zip\":\"12000\"}', 12000, 4, '', '089-2835325', '', '3540400609380', '2017-03-22 10:49:29', 6, 0, 0),
(22, '2017-03-22 10:58:11', 'Mr.', 'อิทธิพล', 'อาจศิริ', '', '0000-00-00', '{\"number\":\"30\\/97\",\"mu\":\"10\",\"village\":\"\",\"alley\":\"\",\"street\":\"\",\"district\":\"\\u0e25\\u0e32\\u0e14\\u0e2a\\u0e27\\u0e32\\u0e22\",\"amphur\":\"\\u0e25\\u0e33\\u0e25\\u0e39\\u0e01\\u0e01\\u0e32\",\"city\":\"4\",\"zip\":\"12150\"}', 12150, 4, '', '085-2246639', '', '3440100863818', '2017-03-22 10:58:11', 6, 0, 0),
(23, '2017-03-22 11:06:42', 'Ms.', 'วราภรณ์', ' กาญจนเคหะ', '', '0000-00-00', '{\"number\":\"88\\/106\",\"mu\":\"6\",\"village\":\"\",\"alley\":\"\",\"street\":\"\",\"district\":\"\\u0e04\\u0e39\\u0e1a\\u0e32\\u0e07\\u0e2b\\u0e25\\u0e27\\u0e07\",\"amphur\":\"\\u0e25\\u0e32\\u0e14\\u0e2b\\u0e25\\u0e38\\u0e21\\u0e41\\u0e01\\u0e49\\u0e27\",\"city\":\"4\",\"zip\":\"12140\"}', 12140, 4, '', '085-487598', '', '3710100966222', '2017-03-22 11:06:42', 6, 0, 0),
(24, '2017-03-22 11:17:18', 'Mr.', 'ดินทร์', 'ภูสนิท', '', '0000-00-00', '{\"number\":\"55\\/434\",\"mu\":\"\",\"village\":\"\",\"alley\":\"\",\"street\":\"\",\"district\":\"\\u0e04\\u0e25\\u0e2d\\u0e07\\u0e2b\\u0e19\\u0e36\\u0e48\\u0e07\",\"amphur\":\"\\u0e04\\u0e25\\u0e2d\\u0e07\\u0e2b\\u0e25\\u0e27\\u0e07\",\"city\":\"4\",\"zip\":\"12120\"}', 12120, 4, '', '093-1191963', '', '1461400032045', '2017-03-22 11:17:18', 6, 0, 0),
(25, '2017-03-22 11:23:22', 'Mrs.', 'จำนงค์', 'สุขทรัพย์ศรี', '', '0000-00-00', '{\"number\":\"1\\/4\",\"mu\":\"5\",\"village\":\"\",\"alley\":\"\",\"street\":\"\",\"district\":\"\\u0e04\\u0e25\\u0e2d\\u0e07\\u0e2a\\u0e35\\u0e48\",\"amphur\":\"\\u0e43\\u0e04\\u0e25\\u0e2d\\u0e07\\u0e2b\\u0e25\\u0e27\\u0e07\",\"city\":\"4\",\"zip\":\"12120\"}', 12120, 4, '', '089-7644133', '', '3130200431904', '2017-03-22 11:23:22', 6, 0, 0),
(26, '2017-03-22 11:34:28', 'Co', 'เอ็มเอสอีเซนเตอร์ จำ', '', '', '0000-00-00', '{\"number\":\"281\\/87\",\"mu\":\"\",\"village\":\"\",\"alley\":\"\",\"street\":\"\\u0e27\\u0e34\\u0e20\\u0e32\\u0e27\\u0e14\\u0e35\\u0e23\\u0e31\\u0e07\\u0e2a\\u0e34\\u0e15\",\"district\":\"\\u0e2a\\u0e19\\u0e32\\u0e21\\u0e1a\\u0e34\\u0e19\",\"amphur\":\"\\u0e14\\u0e2d\\u0e19\\u0e40\\u0e21\\u0e37\\u0e2d\\u0e07\",\"city\":\"4\",\"zip\":\"10210\"}', 10210, 4, '', '093-0316292', '', '0105553046881', '2017-03-22 11:34:28', 6, 0, 0),
(27, '2017-03-22 11:34:29', 'Co', 'เอ็มเอสอีเซนเตอร์ จำ', '', '', '0000-00-00', '{\"number\":\"281\\/87\",\"mu\":\"\",\"village\":\"\",\"alley\":\"\",\"street\":\"\\u0e27\\u0e34\\u0e20\\u0e32\\u0e27\\u0e14\\u0e35\\u0e23\\u0e31\\u0e07\\u0e2a\\u0e34\\u0e15\",\"district\":\"\\u0e2a\\u0e19\\u0e32\\u0e21\\u0e1a\\u0e34\\u0e19\",\"amphur\":\"\\u0e14\\u0e2d\\u0e19\\u0e40\\u0e21\\u0e37\\u0e2d\\u0e07\",\"city\":\"4\",\"zip\":\"10210\"}', 10210, 4, '', '093-0316292', '', '0105553046881', '2017-03-22 11:34:29', 6, 0, 0),
(28, '2017-03-22 11:42:41', 'Ms.', 'กชกร', 'ชมพิกุล', '', '0000-00-00', '{\"number\":\"114\\/24\",\"mu\":\"2\",\"village\":\"\",\"alley\":\"\",\"street\":\"\",\"district\":\"\\u0e1a\\u0e32\\u0e07\\u0e02\\u0e30\\u0e41\\u0e22\\u0e07\",\"amphur\":\"\\u0e40\\u0e21\\u0e37\\u0e2d\\u0e07\",\"city\":\"4\",\"zip\":\"12000\"}', 12000, 4, '', '061-6541809', '', '1130701455390', '2017-03-22 11:42:41', 6, 0, 0),
(29, '2017-03-22 11:49:37', 'Mrs.', 'จันทร์ธิดา', 'พงศ์อภิรักษกุล', '', '0000-00-00', '{\"number\":\"42\\/56\",\"mu\":\"1\",\"village\":\"\",\"alley\":\"\",\"street\":\"\",\"district\":\"\\u0e04\\u0e25\\u0e2d\\u0e07\\u0e2b\\u0e01\",\"amphur\":\"\\u0e04\\u0e25\\u0e2d\\u0e07\\u0e2b\\u0e25\\u0e27\\u0e07\",\"city\":\"4\",\"zip\":\"12120\"}', 12120, 4, '', '0866233156', '', '', '2017-03-22 11:49:37', 6, 0, 0),
(30, '2017-03-22 12:03:08', 'Mrs.', 'ศรีเมือง', ' พลังฤทธ์', '', '0000-00-00', '{\"number\":\"99\\/31\",\"mu\":\"2\",\"village\":\"\",\"alley\":\"\",\"street\":\"\",\"district\":\"\\u0e04\\u0e25\\u0e2d\\u0e07\\u0e2b\\u0e19\\u0e36\\u0e48\\u0e07\",\"amphur\":\"\\u0e04\\u0e25\\u0e2d\\u0e07\\u0e2b\\u0e25\\u0e27\\u0e07 \",\"city\":\"4\",\"zip\":\"12120\"}', 12120, 4, '', '081-3075189', '', '3102200834181', '2017-03-22 12:03:08', 6, 0, 0),
(32, '2017-03-22 12:28:22', 'Mr.', 'ธวัฒน์', ' สุรวัฒนวิเศษ', '', '0000-00-00', '{\"number\":\"20\\/72\",\"mu\":\"2\",\"village\":\"\",\"alley\":\"\",\"street\":\"\",\"district\":\"\\u0e1a\\u0e36\\u0e07\\u0e22\\u0e35\\u0e48\\u0e42\\u0e16\\u0e48 \",\"amphur\":\"\\u0e18\\u0e31\\u0e0d\\u0e1a\\u0e38\\u0e23\\u0e35 \",\"city\":\"4\",\"zip\":\"12130\"}', 12130, 4, '', '083-0603772', '', '313990012821', '2017-03-22 12:28:22', 6, 0, 0),
(39, '2017-03-22 13:41:01', 'Ms.', 'ศิริกัญญา', 'ผดุงผล', '', '0000-00-00', '{\"number\":\"90\\/204\",\"mu\":\"\\u0e386\",\"village\":\"\",\"alley\":\"\",\"street\":\"\",\"district\":\"\\u0e25\\u0e32\\u0e14\\u0e2a\\u0e27\\u0e32\\u0e22\",\"amphur\":\"\\u0e25\\u0e32\\u0e14\\u0e2a\\u0e27\\u0e32\\u0e22\",\"city\":\"4\",\"zip\":\"12150\"}', 12150, 4, '', '092-4944024', '', '1103001940201', '2017-03-22 13:41:01', 6, 0, 0),
(40, '2017-03-22 13:53:24', 'Mr.', 'ทรรศนพงษ์', 'ดาพิน', '', '0000-00-00', '{\"number\":\"102\\/1274 \",\"mu\":\"3\",\"village\":\"\",\"alley\":\"\",\"street\":\"\",\"district\":\"\\u0e01\\u0e23\\u0e30\\u0e0a\\u0e07\",\"amphur\":\"\\u0e2a\\u0e32\\u0e21\\u0e42\\u0e04\\u0e01\",\"city\":\"4\",\"zip\":\"12160\"}', 12160, 4, '', '085-0738248', '', '3670700835198', '2017-03-22 13:53:24', 6, 0, 0),
(41, '2017-03-22 14:02:19', 'Mr.', 'ชนพัฒน์', 'แสงงาม', '', '0000-00-00', '{\"number\":\"37\\/781\",\"mu\":\"4\",\"village\":\"\",\"alley\":\"\",\"street\":\"\",\"district\":\"\\u0e1a\\u0e49\\u0e32\\u0e19\\u0e43\\u0e2b\\u0e21\\u0e48\",\"amphur\":\"\\u0e40\\u0e21\\u0e37\\u0e2d\\u0e07\",\"city\":\"4\",\"zip\":\"12000\"}', 12000, 4, '', '061-8199555', '', '1340700268508', '2017-03-22 14:02:19', 6, 0, 0),
(50, '2017-03-22 14:10:06', 'Mr.', 'เสรี', 'ศุภกำเนิด', '', '0000-00-00', '{\"number\":\"102\\/264\",\"mu\":\"3\",\"village\":\"\",\"alley\":\"\",\"street\":\"\",\"district\":\"\\u0e01\\u0e23\\u0e30\\u0e41\\u0e0a\\u0e07\",\"amphur\":\"\\u0e40\\u0e21\\u0e37\\u0e2d\\u0e07\",\"city\":\"4\",\"zip\":\"12000\"}', 12000, 4, '', '081-2954358', '', '3179900040990', '2017-03-22 14:10:06', 6, 0, 0),
(51, '2017-03-22 14:17:25', 'Mr.', 'เกรียงไกร', ' จำปา', '', '0000-00-00', '{\"number\":\"47\\/13\",\"mu\":\"\",\"village\":\"\",\"alley\":\"\",\"street\":\"\",\"district\":\"\\u0e1b\\u0e32\\u0e01\\u0e01\\u0e23\\u0e32\\u0e19\",\"amphur\":\"\\u0e1e\\u0e23\\u0e30\\u0e19\\u0e04\\u0e23\\u0e28\\u0e23\\u0e35\\u0e2d\\u0e22\\u0e38\\u0e18\\u0e22\\u0e32\",\"city\":\"5\",\"zip\":\"13000\"}', 13000, 5, '', '088-3292600', '', '3140100507828', '2017-03-22 14:17:25', 6, 0, 0),
(52, '2017-03-22 14:37:10', 'Mr.', 'สิทธิพงษ์', 'ธูปน้ำคำ', '', '0000-00-00', '{\"number\":\"68\\/2\",\"mu\":\"3\",\"village\":\"\",\"alley\":\"\",\"street\":\"\",\"district\":\"\\u0e0a\\u0e49\\u0e32\\u0e07\\u0e43\\u0e2b\\u0e0d\\u0e48\",\"amphur\":\"\\u0e1a\\u0e32\\u0e07\\u0e44\\u0e17\\u0e23\",\"city\":\"5\",\"zip\":\"13290\"}', 13290, 5, '', '099-8253136', '', '1451100161494', '2017-03-22 14:37:10', 6, 0, 0),
(53, '2017-03-22 14:55:40', 'Mr.', 'ธงชัย', 'ว่องไวไพศาล', '', '0000-00-00', '{\"number\":\"\",\"mu\":\"\",\"village\":\"\",\"alley\":\"\",\"street\":\"15 \\u0e0b.\\u0e42\\u0e01\\u0e2a\\u0e38\\u0e21\\u0e23\\u0e27\\u0e21\\u0e43\\u0e08 37 \\u0e41\\u0e22\\u0e01 7\",\"district\":\"\\u0e14\\u0e2d\\u0e19\\u0e40\\u0e21\\u0e37\\u0e2d\\u0e07\",\"amphur\":\"\\u0e14\\u0e2d\\u0e19\\u0e40\\u0e21\\u0e37\\u0e2d\\u0e07\",\"city\":\"1\",\"zip\":\"10210\"}', 10210, 1, '', '085-4464000', '', '3729800051048', '2017-03-22 14:55:40', 6, 0, 0),
(54, '2017-03-22 15:14:45', 'Ms.', 'สุนันทา', 'สตย์ซื่อ', '', '0000-00-00', '{\"number\":\"24 \",\"mu\":\"7\",\"village\":\"\",\"alley\":\"\",\"street\":\"\",\"district\":\"\\u0e1a\\u0e48\\u0e2d\\u0e40\\u0e07\\u0e34\\u0e19\",\"amphur\":\"\\u0e25\\u0e32\\u0e14\\u0e2b\\u0e25\\u0e38\\u0e21\\u0e41\\u0e01\\u0e49\\u0e27\",\"city\":\"4\",\"zip\":\"12140\"}', 12140, 4, '', '094-4098110', '', '3130500314237', '2017-03-22 15:14:45', 6, 0, 0),
(55, '2017-03-22 15:23:09', 'Mr.', 'เอนก', 'นิจันทึก', '', '0000-00-00', '{\"number\":\"9\\/7\",\"mu\":\"8\",\"village\":\"\",\"alley\":\"\",\"street\":\"\",\"district\":\"\\u0e04\\u0e25\\u0e2d\\u0e07\\u0e2b\\u0e19\\u0e36\\u0e48\\u0e07\",\"amphur\":\"\\u0e04\\u0e25\\u0e2d\\u0e07\\u0e2b\\u0e25\\u0e27\\u0e07\",\"city\":\"4\",\"zip\":\"12120\"}', 12120, 4, '', '095-5389596', '', '1302100041300', '2017-03-22 15:23:09', 6, 0, 0),
(56, '2017-03-22 15:34:12', 'Ms.', 'นารีทิพย์', 'จิราพงษ์', '', '0000-00-00', '{\"number\":\"\",\"mu\":\"\",\"village\":\"16\\/86 \\u0e21\\u0e1a.\\u0e1e\\u0e24\\u0e01\\u0e29\\u0e32 52\\/1\",\"alley\":\"\",\"street\":\"\",\"district\":\"\\u0e04\\u0e25\\u0e2d\\u0e07\\u0e2b\\u0e19\\u0e36\\u0e48\\u0e07\",\"amphur\":\"\\u0e04\\u0e25\\u0e2d\\u0e07\\u0e2b\\u0e25\\u0e27\\u0e07\",\"city\":\"4\",\"zip\":\"12120\"}', 12120, 4, '', '091-7311919', '', '3100202916697', '2017-03-22 15:34:12', 6, 0, 0),
(57, '2017-03-22 15:44:16', 'Mr.', 'วรุต', ' สีแสง', '', '0000-00-00', '{\"number\":\"\",\"mu\":\"\",\"village\":\"\",\"alley\":\"\",\"street\":\"\",\"district\":\"\",\"amphur\":\"\",\"city\":\"64\",\"zip\":\"\"}', 0, 64, '', '095-7718365', '', '', '2017-03-22 15:44:16', 6, 0, 0),
(59, '2017-03-22 15:50:18', 'Mr.', 'นิเทศ', ' กันเกษพิมพ์', '', '0000-00-00', '{\"number\":\"38 \",\"mu\":\"2\",\"village\":\"\",\"alley\":\"\",\"street\":\"\",\"district\":\"\\u0e2b\\u0e25\\u0e31\\u0e01\\u0e2b\\u0e01\",\"amphur\":\"\\u0e40\\u0e21\\u0e37\\u0e2d\\u0e07\",\"city\":\"4\",\"zip\":\"12000\"}', 12000, 4, '', '089-4564974', '', '3130100491131', '2017-03-22 15:50:18', 6, 0, 0),
(60, '2017-03-22 16:18:40', 'Ms.', 'ติณณามินทร์', 'งามศักดิ์', '', '0000-00-00', '{\"number\":\"\",\"mu\":\"\",\"village\":\"\",\"alley\":\"\",\"street\":\"\",\"district\":\"\",\"amphur\":\"\",\"city\":\"64\",\"zip\":\"\"}', 0, 64, '', '085-2616617', '', '', '2017-03-22 16:18:40', 6, 0, 0),
(61, '2017-03-22 16:31:32', 'Mr.', 'สังวาลย์', 'สุธรรม', '', '0000-00-00', '{\"number\":\"64\",\"mu\":\"5\",\"village\":\"\",\"alley\":\"\",\"street\":\"\",\"district\":\"\\u0e01\\u0e30\\u0e1a\\u0e01\\u0e40\\u0e15\\u0e35\\u0e49\\u0e22\",\"amphur\":\"\\u0e40\\u0e19\\u0e34\\u0e19\\u0e02\\u0e32\\u0e21\",\"city\":\"9\",\"zip\":\"17130\"}', 17130, 9, '', '090-3877500', '', '3180600386612', '2017-03-22 16:31:32', 6, 0, 0),
(62, '2017-03-22 16:36:38', 'Mr.', 'กฤษณะ', ' คารวรัตนพิเชฐ', '', '0000-00-00', '{\"number\":\"19\\/78\",\"mu\":\"8\",\"village\":\"\",\"alley\":\"\",\"street\":\"\",\"district\":\"\\u0e43\\u0e04\\u0e25\\u0e2d\\u0e07\\u0e2b\\u0e19\\u0e36\\u0e48\\u0e07\",\"amphur\":\"\\u0e04\\u0e25\\u0e2d\\u0e07\\u0e2b\\u0e25\\u0e27\\u0e07\",\"city\":\"4\",\"zip\":\"12120\"}', 12120, 4, '', '087-6664441', '', '13960242417', '2017-03-22 16:36:38', 6, 0, 0),
(63, '2017-03-22 16:41:36', 'Ms.', 'ถิรารัตน์', 'บุญทรง', '', '0000-00-00', '{\"number\":\"105\\/406\",\"mu\":\"1\",\"village\":\"\",\"alley\":\"\",\"street\":\"\",\"district\":\"\\u0e1e\\u0e25\\u0e39\\u0e15\\u0e32\\u0e2b\\u0e25\\u0e27\\u0e07\",\"amphur\":\"\\u0e2a\\u0e31\\u0e15\\u0e2b\\u0e35\\u0e1a\",\"city\":\"11\",\"zip\":\"20180\"}', 20180, 11, '', '081-8168907', '', '3801000169755', '2017-03-22 16:41:36', 6, 0, 0),
(65, '2017-03-22 16:45:09', 'Mr.', 'มานะ', ' ยุระยาติ', '', '0000-00-00', '{\"number\":\"\",\"mu\":\"\",\"village\":\"\",\"alley\":\"\",\"street\":\"\",\"district\":\"\",\"amphur\":\"\",\"city\":\"64\",\"zip\":\"\"}', 0, 64, '', '088-8468416', '', '', '2017-03-22 16:45:09', 6, 0, 0),
(67, '2017-03-22 16:50:02', 'Ms.', 'สุกัญญา', 'ชื่นไสว', '', '0000-00-00', '{\"number\":\"20\",\"mu\":\"2\",\"village\":\"\",\"alley\":\"\",\"street\":\"\",\"district\":\"\\u0e1a\\u0e36\\u0e07\\u0e1a\\u0e2d\\u0e19\\u0e1e\\u0e31\\u0e12\\u0e19\\u0e32\",\"amphur\":\"\\u0e2b\\u0e19\\u0e2d\\u0e07\\u0e40\\u0e2a\\u0e37\\u0e2d\",\"city\":\"4\",\"zip\":\"12170\"}', 12170, 4, '', '092-8135580', '', '1130400055501', '2017-03-22 16:50:02', 6, 0, 0),
(68, '2017-03-22 16:54:24', 'Mr.', 'วิกรม', ' ศรีสุรกานต์', '', '0000-00-00', '{\"number\":\"\",\"mu\":\"\",\"village\":\"\",\"alley\":\"\",\"street\":\"\",\"district\":\"\",\"amphur\":\"\",\"city\":\"64\",\"zip\":\"\"}', 0, 64, '', '090-9311584', '', '1102000358320', '2017-03-22 16:54:24', 6, 0, 0),
(70, '2017-03-22 16:57:26', 'Ms.', 'เจียน', 'เซีย', '', '0000-00-00', '{\"number\":\"\",\"mu\":\"\",\"village\":\"\",\"alley\":\"\",\"street\":\"\",\"district\":\"\",\"amphur\":\"\",\"city\":\"64\",\"zip\":\"\"}', 0, 64, '', '', '', '', '2017-03-22 16:57:26', 6, 0, 0),
(71, '2017-03-22 17:04:09', 'Mr.', 'เอกพล', '  สีเนียม', '', '0000-00-00', '{\"number\":\"66\\/23\",\"mu\":\"\",\"village\":\"\",\"alley\":\"\",\"street\":\"\\u0e01\\u0e32\\u0e0d\\u0e08\\u0e19\\u0e32\\u0e20\\u0e34\\u0e40\\u0e29\\u0e01\",\"district\":\"\\u0e14\\u0e2d\\u0e01\\u0e44\\u0e21\\u0e49\",\"amphur\":\"\\u0e1b\\u0e23\\u0e30\\u0e40\\u0e27\\u0e28\",\"city\":\"1\",\"zip\":\"10250\"}', 10250, 1, '', '088-6209368', '', '1101400034016', '2017-03-22 17:04:09', 6, 0, 0),
(72, '2017-03-22 17:04:10', 'Mr.', 'เอกพล', '  สีเนียม', '', '0000-00-00', '{\"number\":\"66\\/23\",\"mu\":\"\",\"village\":\"\",\"alley\":\"\",\"street\":\"\\u0e01\\u0e32\\u0e0d\\u0e08\\u0e19\\u0e32\\u0e20\\u0e34\\u0e40\\u0e29\\u0e01\",\"district\":\"\\u0e14\\u0e2d\\u0e01\\u0e44\\u0e21\\u0e49\",\"amphur\":\"\\u0e1b\\u0e23\\u0e30\\u0e40\\u0e27\\u0e28\",\"city\":\"1\",\"zip\":\"10250\"}', 10250, 1, '', '088-6209368', '', '1101400034016', '2017-03-22 17:04:10', 6, 0, 0),
(74, '2017-03-22 17:09:44', 'Mr.', 'ธัชเดช', 'ภพชนกนันท์', '', '0000-00-00', '{\"number\":\"15\\/6 \",\"mu\":\"\",\"village\":\"\",\"alley\":\"\",\"street\":\"\\u0e1b\\u0e17\\u0e38\\u0e21\\u0e2a\\u0e31\\u0e21\\u0e1e\\u0e31\\u0e19\\u0e18\\u0e4c\",\"district\":\"\\u0e1a\\u0e32\\u0e07\\u0e1b\\u0e23\\u0e2d\\u0e01\",\"amphur\":\"\\u0e40\\u0e21\\u0e37\\u0e2d\\u0e07\",\"city\":\"4\",\"zip\":\"12000\"}', 12000, 4, '', '085-0579631', '', '1100800707572', '2017-03-22 17:09:44', 6, 0, 0),
(75, '2017-03-22 17:12:57', 'Mr.', 'สมุน', 'หาญวีระ', '', '0000-00-00', '{\"number\":\"\",\"mu\":\"\",\"village\":\"\",\"alley\":\"\",\"street\":\"\",\"district\":\"\",\"amphur\":\"\",\"city\":\"64\",\"zip\":\"\"}', 0, 64, '', '081-9205363', '', '', '2017-03-22 17:12:57', 6, 0, 0),
(77, '2017-03-22 17:16:34', 'Ms.', 'นงนภัส', 'บุญเอนก', '', '0000-00-00', '{\"number\":\"27\",\"mu\":\"\",\"village\":\"\",\"alley\":\"\",\"street\":\"\",\"district\":\"\\u0e17\\u0e48\\u0e32\\u0e17\\u0e23\\u0e32\\u0e22 \",\"amphur\":\"\\u0e40\\u0e21\\u0e37\\u0e2d\\u0e07\",\"city\":\"3\",\"zip\":\"11000\"}', 11000, 3, '', '081-9255451', '', '', '2017-03-22 17:16:34', 6, 0, 0),
(78, '2017-03-22 17:21:57', 'Mr.', 'นันทรัตน์', 'พรหมสุขันธ์', '', '0000-00-00', '{\"number\":\"\",\"mu\":\"\",\"village\":\"\",\"alley\":\"\",\"street\":\"\",\"district\":\"\",\"amphur\":\"\",\"city\":\"64\",\"zip\":\"\"}', 0, 64, '', '087-0402281', '', '1741300038530', '2017-03-22 17:21:57', 6, 0, 0),
(80, '2017-03-22 17:26:09', 'Mr.', 'อารมย์', 'อรุณแก้วแจ่มศรี', '', '0000-00-00', '{\"number\":\"\",\"mu\":\"\",\"village\":\"\",\"alley\":\"\",\"street\":\"\",\"district\":\"\",\"amphur\":\"\",\"city\":\"64\",\"zip\":\"\"}', 0, 64, '', '096-4392237', '', '', '2017-03-22 17:26:09', 6, 0, 0),
(81, '2017-03-22 17:30:55', 'Mrs.', 'บุญปลูก', 'จันยกาย', '', '0000-00-00', '{\"number\":\"555\\/5\",\"mu\":\"5\",\"village\":\"\",\"alley\":\"\",\"street\":\"\",\"district\":\"\\u0e1e\\u0e30\\u0e22\\u0e2d\\u0e21\",\"amphur\":\"\\u0e27\\u0e31\\u0e07\\u0e19\\u0e49\\u0e2d\\u0e22\",\"city\":\"5\",\"zip\":\"13170\"}', 13170, 5, '', '099-2868016', '', '3100602772528', '2017-03-22 17:30:55', 6, 0, 0),
(83, '2017-03-22 17:37:31', 'Mrs.', 'ชลพรรณ', ' เก่าเงิน', '', '0000-00-00', '{\"number\":\"191\\/4 \",\"mu\":\"8\",\"village\":\"\",\"alley\":\"\",\"street\":\"\",\"district\":\"\\u0e1a\\u0e49\\u0e32\\u0e19\\u0e41\\u0e2b\\u0e25\\u0e21\",\"amphur\":\"\\u0e1a\\u0e49\\u0e32\\u0e19\\u0e41\\u0e2b\\u0e25\\u0e21\",\"city\":\"61\",\"zip\":\"76110\"}', 76110, 61, '', '081-7455525', '', '3100201642861', '2017-03-22 17:37:31', 6, 0, 0),
(85, '2017-03-22 17:46:51', 'Ms.', 'น้ำฝน', 'มีสอน', '', '0000-00-00', '{\"number\":\"\",\"mu\":\"\",\"village\":\"\",\"alley\":\"\",\"street\":\"\",\"district\":\"\",\"amphur\":\"\",\"city\":\"64\",\"zip\":\"\"}', 0, 64, '', '080-5605522', '', '3530300427778', '2017-03-22 17:46:51', 6, 0, 0),
(86, '2017-03-22 17:53:39', 'Ms.', 'ชญาญ์พัตท์', 'ไกรยงค์ธนิกกุล', '', '0000-00-00', '{\"number\":\"711\\/159\",\"mu\":\"\",\"village\":\"\",\"alley\":\"\",\"street\":\"\\u0e23\\u0e31\\u0e07\\u0e2a\\u0e34\\u0e15\\u0e1b\\u0e17\\u0e38\\u0e21\",\"district\":\"\\u0e1b\\u0e23\\u0e30\\u0e0a\\u0e32\\u0e18\\u0e34\\u0e1b\\u0e31\\u0e15\\u0e22\\u0e4c\",\"amphur\":\"\\u0e18\\u0e31\\u0e0d\\u0e1a\\u0e38\\u0e23\\u0e35\",\"city\":\"4\",\"zip\":\"12130 \"}', 12130, 4, '', '081-7788456', '', '1909800324518', '2017-03-22 17:53:39', 6, 0, 0),
(88, '2017-03-22 18:11:17', 'Ms.', 'วรรณวราห์', 'เรืองเดชา', '', '0000-00-00', '{\"number\":\"437\\/86 \",\"mu\":\"\",\"village\":\"\",\"alley\":\"\\u0e1e\\u0e2b\\u0e25\\u0e42\\u0e22\\u0e18\\u0e34\\u0e19 50 \\u0e41\\u0e22\\u0e01 11-15\",\"street\":\"\",\"district\":\"\\u0e04\\u0e25\\u0e2d\\u0e07\\u0e16\\u0e19\\u0e19 \",\"amphur\":\"\\u0e2a\\u0e32\\u0e22\\u0e44\\u0e2b\\u0e21\",\"city\":\"1\",\"zip\":\"10220\"}', 10220, 1, '', '089-9193299', '', '', '2017-03-22 18:11:17', 6, 0, 0),
(89, '2017-03-22 20:39:17', 'Mr.', 'วิวัฒน์', 'มูลแก้ว', '', '0000-00-00', '{\"number\":\"\",\"mu\":\"\",\"village\":\"\",\"alley\":\"\",\"street\":\"\",\"district\":\"\",\"amphur\":\"\",\"city\":\"64\",\"zip\":\"\"}', 0, 64, '', '097-0018387', '', '', '2017-03-22 20:39:17', 6, 0, 0),
(90, '2017-03-22 20:45:44', 'Ms.', 'สุนิตรา', 'สงวนศักดิ์', '', '0000-00-00', '{\"number\":\"3\\/357\",\"mu\":\"\",\"village\":\"\",\"alley\":\"\",\"street\":\"\\u0e1b\\u0e4a\\u0e2d\\u0e1a\\u0e1b\\u0e39\\u0e25\\u0e48\\u0e32 \",\"district\":\"\\u0e1a\\u0e32\\u0e07\\u0e1e\\u0e39\\u0e14\",\"amphur\":\"\\u0e1b\\u0e32\\u0e01\\u0e40\\u0e01\\u0e23\\u0e47\\u0e14\",\"city\":\"3\",\"zip\":\"11120\"}', 11120, 3, '', '081-6829452', '', '', '2017-03-22 20:45:44', 6, 0, 0),
(91, '2017-03-22 20:48:54', 'Ms.', 'กุลปรียา', 'ชาวกำแพง', '', '0000-00-00', '{\"number\":\"\",\"mu\":\"\",\"village\":\"\",\"alley\":\"\",\"street\":\"\",\"district\":\"\",\"amphur\":\"\",\"city\":\"64\",\"zip\":\"\"}', 0, 64, '', '081-3036739', '', '', '2017-03-22 20:48:54', 6, 0, 0),
(92, '2017-03-22 20:53:12', 'Mr.', 'ไชยยันต์ ', 'เจริญนา', '', '0000-00-00', '{\"number\":\"8\\/1\",\"mu\":\"4 \",\"village\":\"\",\"alley\":\"\",\"street\":\"\",\"district\":\"\\u0e1a\\u0e49\\u0e32\\u0e19\\u0e01\\u0e25\\u0e32\\u0e07 \",\"amphur\":\"\\u0e40\\u0e21\\u0e37\\u0e2d\\u0e07\",\"city\":\"4\",\"zip\":\"12000\"}', 12000, 4, '', '094-6801177', '', '3130100563086', '2017-03-22 20:53:12', 6, 0, 0),
(93, '2017-03-22 20:57:26', 'Ms.', 'ลัดดา', 'ปั้นปล้อง', '', '0000-00-00', '{\"number\":\"111\\/377\",\"mu\":\"3\",\"village\":\"\",\"alley\":\"\",\"street\":\"\",\"district\":\"\\u0e1e\\u0e34\\u0e21\\u0e25\\u0e23\\u0e32\\u0e0a\",\"amphur\":\"\\u0e1a\\u0e32\\u0e07\\u0e1a\\u0e31\\u0e27\\u0e17\\u0e2d\\u0e07\",\"city\":\"3\",\"zip\":\"111110\"}', 111110, 3, '', '092-8835529', '', '1720100001621', '2017-03-22 20:57:26', 6, 0, 0),
(95, '2017-03-23 09:42:38', 'Ms.', 'สุรีย์', 'ตะวิภพ', '', '0000-00-00', '{\"number\":\"9\\/296\",\"mu\":\"5\",\"village\":\"\",\"alley\":\"\",\"street\":\"\",\"district\":\"\\u0e41\\u0e1e\\u0e23\\u0e01\\u0e29\\u0e32\\u0e43\\u0e2b\\u0e21\\u0e48\",\"amphur\":\"\\u0e40\\u0e21\\u0e37\\u0e2d\\u0e07\",\"city\":\"2\",\"zip\":\"10280\"}', 10280, 2, '', '087-1135049', '', '3110101219711', '2017-03-23 09:42:38', 6, 0, 0),
(97, '2017-03-23 09:49:21', 'Ms.', 'จุฬาพรรณ', 'กิริณี', '', '0000-00-00', '{\"number\":\"\",\"mu\":\"\",\"village\":\"\",\"alley\":\"\",\"street\":\"\",\"district\":\"\",\"amphur\":\"\",\"city\":\"64\",\"zip\":\"\"}', 0, 64, '', '081-3504327', '', '', '2017-03-23 09:49:21', 6, 0, 0),
(98, '2017-03-23 09:53:59', 'Ms.', 'สุนันทา', 'เพชรวิจิตร', '', '0000-00-00', '{\"number\":\"\",\"mu\":\"\",\"village\":\"\",\"alley\":\"\",\"street\":\"\",\"district\":\"\",\"amphur\":\"\",\"city\":\"64\",\"zip\":\"\"}', 0, 64, '', '081-9033816', '', '', '2017-03-23 09:53:59', 6, 0, 0),
(100, '2017-03-23 09:57:55', 'Ms.', 'จุฑามาศ', 'พลจันทึก', '', '0000-00-00', '{\"number\":\"\",\"mu\":\"\",\"village\":\"\",\"alley\":\"\",\"street\":\"\",\"district\":\"\",\"amphur\":\"\",\"city\":\"\",\"zip\":\"\"}', 0, 0, '', '080-6191481', '', '', '2017-03-28 02:42:17', 6, 0, 0),
(102, '2017-03-23 10:11:20', 'Ms.', 'ฉัตรสิรินทร์', 'เสริฐวาสนา', '', '0000-00-00', '{\"number\":\"95\",\"mu\":\"8\",\"village\":\"\",\"alley\":\"\",\"street\":\"\",\"district\":\"\\u0e04\\u0e25\\u0e2d\\u0e07\\u0e2b\\u0e19\\u0e36\\u0e48\\u0e07\",\"amphur\":\"\\u0e04\\u0e25\\u0e2d\\u0e07\\u0e2b\\u0e25\\u0e27\\u0e07 \",\"city\":\"4\",\"zip\":\"12120\"}', 12120, 4, '', '031-7029963', '', '5670500103823', '2017-03-23 10:11:20', 6, 0, 0),
(104, '2017-03-23 10:17:09', 'Mr.', 'ณรงค์', 'สมิตทันต์', '', '0000-00-00', '{\"number\":\"\",\"mu\":\"\",\"village\":\"\",\"alley\":\"\",\"street\":\"\",\"district\":\"\",\"amphur\":\"\",\"city\":\"64\",\"zip\":\"\"}', 0, 64, '', '096-8908353', '', '', '2017-03-23 10:17:09', 6, 0, 0),
(106, '2017-03-23 10:29:32', 'Ms.', 'อาภาณีย์', ' เสมรสุต', '', '0000-00-00', '{\"number\":\"\",\"mu\":\"\",\"village\":\"\",\"alley\":\"\",\"street\":\"\",\"district\":\"\",\"amphur\":\"\",\"city\":\"64\",\"zip\":\"\"}', 0, 64, '', '081-5737122', '', '', '2017-03-23 10:29:32', 6, 0, 0),
(107, '2017-03-23 10:36:46', 'Mr.', 'ชูชีพ', 'พ่วงทอง', '', '0000-00-00', '{\"number\":\"\",\"mu\":\"\",\"village\":\"\",\"alley\":\"\",\"street\":\"\",\"district\":\"\",\"amphur\":\"\",\"city\":\"64\",\"zip\":\"\"}', 0, 64, '', '091-7789763', '', '', '2017-03-23 10:36:46', 6, 0, 0),
(109, '2017-03-23 10:41:33', 'Mr.', 'ธนา', ' เพชรนก', '', '0000-00-00', '{\"number\":\"\",\"mu\":\"\",\"village\":\"\",\"alley\":\"\",\"street\":\"\",\"district\":\"\",\"amphur\":\"\",\"city\":\"64\",\"zip\":\"\"}', 0, 64, '', '095-9823655', '', '', '2017-03-23 10:41:33', 6, 0, 0),
(110, '2017-03-23 10:45:30', 'Mr.', 'ไพรัต', 'ดานวล', '', '0000-00-00', '{\"number\":\"\",\"mu\":\"\",\"village\":\"\",\"alley\":\"\",\"street\":\"\",\"district\":\"\",\"amphur\":\"\",\"city\":\"64\",\"zip\":\"\"}', 0, 64, '', '083-4461778', '', '', '2017-03-23 10:45:30', 6, 0, 0),
(111, '2017-03-23 10:54:17', 'Ms.', 'ศศิธร', 'หงษ์นาค', '', '0000-00-00', '{\"number\":\"70\\/1\",\"mu\":\"9\",\"village\":\"\",\"alley\":\"\",\"street\":\"\",\"district\":\"\\u0e2b\\u0e31\\u0e27\\u0e23\\u0e2d\",\"amphur\":\"\\u0e1e\\u0e23\\u0e30\\u0e19\\u0e04\\u0e23\\u0e28\\u0e23\\u0e35\\u0e2d\\u0e22\\u0e38\\u0e18\\u0e22\\u0e32\",\"city\":\"5\",\"zip\":\"13000\"}', 13000, 5, '', '098-3877500', '', '1149900132430', '2017-03-23 10:54:17', 6, 0, 0),
(113, '2017-03-23 11:01:57', 'Ms.', 'รุ่งนภา', 'ขุนเพชร', '', '0000-00-00', '{\"number\":\"13\",\"mu\":\"\",\"village\":\"\",\"alley\":\"\",\"street\":\"\",\"district\":\"\\u0e27\\u0e31\\u0e07\\u0e2b\\u0e25\\u0e38\\u0e21\",\"amphur\":\"\\u0e27\\u0e31\\u0e07\\u0e2b\\u0e25\\u0e38\\u0e21\",\"city\":\"53\",\"zip\":\" 66110\"}', 66110, 53, '', '098-3877500', '', '1660800057611', '2017-03-23 11:01:57', 6, 0, 0),
(115, '2017-03-23 11:04:39', 'Mr.', 'ทวี', 'ทองทา', '', '0000-00-00', '{\"number\":\"\",\"mu\":\"\",\"village\":\"\",\"alley\":\"\",\"street\":\"\",\"district\":\"\",\"amphur\":\"\",\"city\":\"64\",\"zip\":\"\"}', 0, 64, '', '087-7936498', '', '', '2017-03-23 11:04:39', 6, 0, 0),
(116, '2017-03-23 11:07:41', 'Mr.', 'ปิยวัฒน์', 'อุณหโชติ', '', '0000-00-00', '{\"number\":\"\",\"mu\":\"\",\"village\":\"\",\"alley\":\"\",\"street\":\"\",\"district\":\"\",\"amphur\":\"\",\"city\":\"64\",\"zip\":\"\"}', 0, 64, '', '081-2684587', '', '', '2017-03-23 11:07:41', 6, 0, 0),
(117, '2017-03-23 11:10:56', 'Ms.', 'อริศรา', 'วัฒนเกริก', '', '0000-00-00', '{\"number\":\"\",\"mu\":\"\",\"village\":\"\",\"alley\":\"\",\"street\":\"\",\"district\":\"\",\"amphur\":\"\",\"city\":\"64\",\"zip\":\"\"}', 0, 64, '', '093-6849990', '', '', '2017-03-23 11:10:56', 6, 0, 0),
(118, '2017-03-23 11:13:11', 'Ms.', 'สุนี', 'เปล่งปลง', '', '0000-00-00', '{\"number\":\"\",\"mu\":\"\",\"village\":\"\",\"alley\":\"\",\"street\":\"\",\"district\":\"\",\"amphur\":\"\",\"city\":\"64\",\"zip\":\"\"}', 0, 64, '', '085-6770581', '', '', '2017-03-23 11:13:11', 6, 0, 0),
(119, '2017-03-23 11:13:12', 'Ms.', 'สุนี', 'เปล่งปลง', '', '0000-00-00', '{\"number\":\"\",\"mu\":\"\",\"village\":\"\",\"alley\":\"\",\"street\":\"\",\"district\":\"\",\"amphur\":\"\",\"city\":\"64\",\"zip\":\"\"}', 0, 64, '', '085-6770581', '', '', '2017-03-23 11:13:12', 6, 0, 0),
(120, '2017-03-23 11:18:24', 'Ms.', 'ภัณทิรา', 'บูรณะสัมฤทธิ์', '', '0000-00-00', '{\"number\":\"\",\"mu\":\"\",\"village\":\"\",\"alley\":\"\",\"street\":\"\",\"district\":\"\",\"amphur\":\"\",\"city\":\"64\",\"zip\":\"\"}', 0, 64, '', '081-3504236', '', '', '2017-03-23 11:18:24', 6, 0, 0),
(121, '2017-03-23 11:18:25', 'Ms.', 'ภัณทิรา', 'บูรณะสัมฤทธิ์', '', '0000-00-00', '{\"number\":\"\",\"mu\":\"\",\"village\":\"\",\"alley\":\"\",\"street\":\"\",\"district\":\"\",\"amphur\":\"\",\"city\":\"64\",\"zip\":\"\"}', 0, 64, '', '081-3504236', '', '', '2017-03-23 11:18:25', 6, 0, 0),
(122, '2017-03-23 11:34:06', 'Ms.', 'สุวรรณี', 'พรหมงาม', '', '0000-00-00', '{\"number\":\"\",\"mu\":\"\",\"village\":\"\",\"alley\":\"\",\"street\":\"\",\"district\":\"\",\"amphur\":\"\",\"city\":\"64\",\"zip\":\"\"}', 0, 64, '', '087-9997667', '', '', '2017-03-23 11:34:06', 6, 0, 0),
(123, '2017-03-23 11:34:07', 'Ms.', 'สุวรรณี', 'พรหมงาม', '', '0000-00-00', '{\"number\":\"\",\"mu\":\"\",\"village\":\"\",\"alley\":\"\",\"street\":\"\",\"district\":\"\",\"amphur\":\"\",\"city\":\"64\",\"zip\":\"\"}', 0, 64, '', '087-9997667', '', '', '2017-03-23 11:34:07', 6, 0, 0),
(124, '2017-03-23 11:40:49', 'Ms.', 'พรทิพย์', 'คณที', '', '0000-00-00', '{\"number\":\"\",\"mu\":\"\",\"village\":\"\",\"alley\":\"\",\"street\":\"\",\"district\":\"\",\"amphur\":\"\",\"city\":\"64\",\"zip\":\"\"}', 0, 64, '', '087-9666013', '', '', '2017-03-23 11:40:49', 6, 0, 0),
(125, '2017-03-23 11:40:50', 'Ms.', 'พรทิพย์', 'คณที', '', '0000-00-00', '{\"number\":\"\",\"mu\":\"\",\"village\":\"\",\"alley\":\"\",\"street\":\"\",\"district\":\"\",\"amphur\":\"\",\"city\":\"64\",\"zip\":\"\"}', 0, 64, '', '087-9666013', '', '', '2017-03-23 11:40:50', 6, 0, 0),
(126, '2017-03-23 11:46:22', 'Mr.', 'ภานุชนารถ', 'ร้อนบิลา', '', '0000-00-00', '{\"number\":\"\",\"mu\":\"\",\"village\":\"\",\"alley\":\"\",\"street\":\"\",\"district\":\"\",\"amphur\":\"\",\"city\":\"64\",\"zip\":\"\"}', 0, 64, '', '097-0239011', '', '', '2017-03-23 11:46:22', 6, 0, 0),
(127, '2017-03-23 11:55:42', 'Mr.', 'ภูวเดช', 'แก้วจิรกุลศรี', '', '0000-00-00', '{\"number\":\"\",\"mu\":\"\",\"village\":\"\",\"alley\":\"\",\"street\":\"\",\"district\":\"\",\"amphur\":\"\",\"city\":\"64\",\"zip\":\"\"}', 0, 64, '', '097-124353', '', '', '2017-03-23 11:55:42', 6, 0, 0),
(128, '2017-03-23 11:55:43', 'Mr.', 'ภูวเดช', 'แก้วจิรกุลศรี', '', '0000-00-00', '{\"number\":\"\",\"mu\":\"\",\"village\":\"\",\"alley\":\"\",\"street\":\"\",\"district\":\"\",\"amphur\":\"\",\"city\":\"64\",\"zip\":\"\"}', 0, 64, '', '097-124353', '', '', '2017-03-23 11:55:43', 6, 0, 0),
(129, '2017-03-23 13:18:37', 'Ms.', 'เพ็ญพร', 'บุญประจักษ์', '', '0000-00-00', '{\"number\":\"\",\"mu\":\"\",\"village\":\"\",\"alley\":\"\",\"street\":\"\",\"district\":\"\",\"amphur\":\"\",\"city\":\"64\",\"zip\":\"\"}', 0, 64, '', '095-3512068', '', '', '2017-03-23 13:18:37', 6, 0, 0),
(130, '2017-03-23 13:27:42', 'Ms.', 'บุญญาพร', ' ปลัดบาง', '', '0000-00-00', '{\"number\":\"\",\"mu\":\"\",\"village\":\"\",\"alley\":\"\",\"street\":\"\",\"district\":\"\",\"amphur\":\"\",\"city\":\"64\",\"zip\":\"\"}', 0, 64, '', '061-8135171', '', '', '2017-03-23 13:27:42', 6, 0, 0),
(131, '2017-03-23 13:34:19', 'Ms.', 'สร้อยสุดา', 'แซ่ลิ้ม', '', '0000-00-00', '{\"number\":\"\",\"mu\":\"\",\"village\":\"\",\"alley\":\"\",\"street\":\"\",\"district\":\"\",\"amphur\":\"\",\"city\":\"64\",\"zip\":\"\"}', 0, 64, '', '080-0206268', '', '', '2017-03-23 13:34:19', 6, 0, 0),
(132, '2017-03-23 13:40:39', 'Ms.', 'ภาวินี', 'ศรีปราบหล่ม', '', '0000-00-00', '{\"number\":\"\",\"mu\":\"\",\"village\":\"\",\"alley\":\"\",\"street\":\"\",\"district\":\"\",\"amphur\":\"\",\"city\":\"64\",\"zip\":\"\"}', 0, 64, '', '092-2717951', '', '', '2017-03-23 13:40:39', 6, 0, 0),
(134, '2017-03-23 13:48:06', 'Mr.', 'อนุชิต', 'วันดี', '', '0000-00-00', '{\"number\":\"\",\"mu\":\"\",\"village\":\"\",\"alley\":\"\",\"street\":\"\",\"district\":\"\",\"amphur\":\"\",\"city\":\"64\",\"zip\":\"\"}', 0, 64, '', '085-4882676', '', '', '2017-03-23 13:48:06', 6, 0, 0),
(135, '2017-03-23 13:55:00', 'Ms.', 'วรนุช', 'รัตนพิทักษ์สุข', '', '0000-00-00', '{\"number\":\"250\\/69\",\"mu\":\"\\u0e386\",\"village\":\"\",\"alley\":\"\",\"street\":\"\",\"district\":\"\\u0e1a\\u0e32\\u0e07\\u0e1e\\u0e39\\u0e19\",\"amphur\":\"\\u0e40\\u0e21\\u0e37\\u0e2d\\u0e07\",\"city\":\"4\",\"zip\":\"12000\"}', 12000, 4, '', '086-3319696', '', '3571100308644', '2017-03-23 13:55:00', 6, 0, 0),
(136, '2017-03-23 13:58:04', 'Mr.', 'วิทวัส', 'พลอยเกษม', '', '0000-00-00', '{\"number\":\"\",\"mu\":\"\",\"village\":\"\",\"alley\":\"\",\"street\":\"\",\"district\":\"\",\"amphur\":\"\",\"city\":\"64\",\"zip\":\"\"}', 0, 64, '', '080-2673888', '', '', '2017-03-23 13:58:04', 6, 0, 0),
(137, '2017-03-23 14:03:45', 'Mr.', 'สุเทพ', 'การีฟี', '', '0000-00-00', '{\"number\":\"\",\"mu\":\"\",\"village\":\"\",\"alley\":\"\",\"street\":\"\",\"district\":\"\",\"amphur\":\"\",\"city\":\"64\",\"zip\":\"\"}', 0, 64, '', '092-8867693', '', '', '2017-03-23 14:03:45', 6, 0, 0),
(138, '2017-03-23 14:08:35', 'Mr.', 'อนุสร', 'บริวาท', '', '0000-00-00', '{\"number\":\"16\\/12413 \",\"mu\":\"10\",\"village\":\"\",\"alley\":\"\",\"street\":\"\",\"district\":\"\\u0e04\\u0e25\\u0e2d\\u0e07\\u0e2b\\u0e19\\u0e36\\u0e48\\u0e07\",\"amphur\":\"\\u0e04\\u0e25\\u0e2d\\u0e07\\u0e2b\\u0e25\\u0e27\\u0e07\",\"city\":\"4\",\"zip\":\"12120\"}', 12120, 4, '', '084-9030593', '', '3610700420873', '2017-03-26 11:14:53', 6, 74, 0),
(139, '2017-04-01 11:01:29', 'Ms.', 'ปรารถนา', 'สาโรจน์', '', '0000-00-00', '{\"number\":\"\",\"mu\":\"\",\"village\":\"\",\"alley\":\"\",\"street\":\"\",\"district\":\"\",\"amphur\":\"\",\"city\":\"\",\"zip\":\"\"}', 0, 0, '', '0836879645', '', '1102001753311', '2017-04-01 15:14:06', 6, 0, 0);

-- --------------------------------------------------------

--
-- Table structure for table `customers_level`
--

CREATE TABLE `customers_level` (
  `level_id` int(11) NOT NULL,
  `level_name` varchar(60) NOT NULL
) ENGINE=InnoDB DEFAULT CHARSET=utf8;

-- --------------------------------------------------------

--
-- Table structure for table `customers_options`
--

CREATE TABLE `customers_options` (
  `option_customer_id` int(11) NOT NULL,
  `option_id` int(20) NOT NULL,
  `option_type` varchar(20) NOT NULL,
  `option_label` varchar(60) NOT NULL,
  `option_value` varchar(160) NOT NULL
) ENGINE=InnoDB DEFAULT CHARSET=utf8;

--
-- Dumping data for table `customers_options`
--

INSERT INTO `customers_options` (`option_customer_id`, `option_id`, `option_type`, `option_label`, `option_value`) VALUES
(1, 7, 'email', 'อีเมล์ส่วนตัว', 'email@email.com'),
(1, 8, 'phone', 'เบอร์มือถือ', '0882267030'),
(1, 9, 'social', 'Line ID', 'lineID'),
(2, 10, 'email', 'Personal Email', '0839524512'),
(3, 11, 'email', 'อีเมล์ส่วนตัว', 'monkey.d.chong@gmail.com'),
(3, 12, 'email', 'อีเมล์ที่ทำงาน', 'n.ln@gmail.com'),
(3, 13, 'phone', 'เบอร์มือถือ', '0843635525'),
(4, 14, 'email', 'อีเมล์ส่วนตัว', 'goi_nana@hotmail.com'),
(2, 17, 'phone', 'Mobile Phone', '0843635952'),
(5, 18, 'email', 'อีเมล์ส่วนตัว', 'chong@gmail.com'),
(5, 19, 'phone', 'เบอร์มือถือ', '084557811'),
(6, 20, 'phone', 'Mobile Phone', '08884452265'),
(6, 21, 'social', 'Line ID', ''),
(7, 22, 'email', 'อีเมล์ส่วนตัว', 'goi.d@hotmail.com'),
(8, 24, 'email', 'อีเมล์ส่วนตัว', 'ms'),
(8, 25, 'phone', 'เบอร์มือถือ', '088567991'),
(8, 26, 'social', 'Line ID', 'loidd'),
(4, 27, 'phone', 'เบอร์มือถือ', '0843635952'),
(3, 28, 'social', 'Line ID', 'shiichong'),
(7, 29, 'phone', 'เบอร์มือถือ', '088362545'),
(9, 30, 'email', 'อีเมล์ส่วนตัว', 'email@email.com'),
(7, 33, 'social', 'Line ID', 'goiy'),
(12, 43, 'phone', 'เบอร์ที่ทำงาน', '0814437485'),
(9, 46, 'email', 'อีเมล์ที่ทำงาน', 'work@email.com'),
(9, 47, 'phone', 'เบอร์มือถือ', '0882267030'),
(9, 48, 'phone', 'เบอร์ที่ทำงาน', '123456789'),
(12, 49, 'phone', 'เบอร์บ้าน', '054000000'),
(13, 50, 'email', 'อีเมล์ส่วนตัว', ''),
(13, 51, 'phone', 'เบอร์มือถือ', '0895004129'),
(13, 52, 'social', 'Line ID', ''),
(14, 53, 'email', 'อีเมล์ส่วนตัว', ''),
(14, 54, 'phone', 'เบอร์มือถือ', '02-8742867'),
(14, 55, 'social', 'Line ID', ''),
(15, 56, 'email', 'อีเมล์ส่วนตัว', ''),
(15, 57, 'phone', 'เบอร์มือถือ', ''),
(15, 58, 'social', 'Line ID', ''),
(16, 59, 'email', 'อีเมล์ส่วนตัว', ''),
(16, 60, 'phone', 'เบอร์มือถือ', '095-5370867'),
(16, 61, 'social', 'Line ID', ''),
(17, 62, 'email', 'อีเมล์ส่วนตัว', ''),
(17, 63, 'phone', 'เบอร์มือถือ', '091-7725691'),
(17, 64, 'social', 'Line ID', ''),
(18, 65, 'email', 'อีเมล์ส่วนตัว', ''),
(18, 66, 'phone', 'เบอร์มือถือ', '097-9814498'),
(18, 67, 'social', 'Line ID', ''),
(19, 68, 'email', 'อีเมล์ส่วนตัว', ''),
(19, 69, 'phone', 'เบอร์มือถือ', '0918851234'),
(19, 70, 'social', 'Line ID', ''),
(20, 71, 'email', 'อีเมล์ส่วนตัว', ''),
(20, 72, 'phone', 'เบอร์มือถือ', '085-5537957'),
(20, 73, 'social', 'Line ID', ''),
(21, 74, 'email', 'อีเมล์ส่วนตัว', ''),
(21, 75, 'phone', 'เบอร์มือถือ', '089-2835325'),
(21, 76, 'social', 'Line ID', ''),
(22, 77, 'email', 'อีเมล์ส่วนตัว', ''),
(22, 78, 'phone', 'เบอร์มือถือ', '085-2246639'),
(22, 79, 'social', 'Line ID', ''),
(23, 80, 'email', 'อีเมล์ส่วนตัว', ''),
(23, 81, 'phone', 'เบอร์มือถือ', '085-487598'),
(23, 82, 'social', 'Line ID', ''),
(24, 83, 'email', 'อีเมล์ส่วนตัว', ''),
(24, 84, 'phone', 'เบอร์มือถือ', '093-1191963'),
(24, 85, 'social', 'Line ID', ''),
(25, 86, 'email', 'อีเมล์ส่วนตัว', ''),
(25, 87, 'phone', 'เบอร์มือถือ', '089-7644133'),
(25, 88, 'social', 'Line ID', ''),
(26, 89, 'email', 'อีเมล์ส่วนตัว', ''),
(26, 90, 'phone', 'เบอร์มือถือ', '093-0316292'),
(26, 91, 'social', 'Line ID', ''),
(27, 92, 'email', 'อีเมล์ส่วนตัว', ''),
(27, 93, 'phone', 'เบอร์มือถือ', '093-0316292'),
(27, 94, 'social', 'Line ID', ''),
(28, 95, 'email', 'อีเมล์ส่วนตัว', ''),
(28, 96, 'phone', 'เบอร์มือถือ', '061-6541809'),
(28, 97, 'social', 'Line ID', ''),
(29, 98, 'email', 'อีเมล์ส่วนตัว', ''),
(29, 99, 'phone', 'เบอร์มือถือ', '0866233156'),
(29, 100, 'social', 'Line ID', ''),
(30, 101, 'email', 'อีเมล์ส่วนตัว', ''),
(30, 102, 'phone', 'เบอร์มือถือ', '081-3075189'),
(30, 103, 'social', 'Line ID', ''),
(32, 107, 'email', 'อีเมล์ส่วนตัว', ''),
(32, 108, 'phone', 'เบอร์มือถือ', '083-0603772'),
(32, 109, 'social', 'Line ID', ''),
(39, 128, 'email', 'อีเมล์ส่วนตัว', ''),
(39, 129, 'phone', 'เบอร์มือถือ', '092-4944024'),
(40, 131, 'email', 'อีเมล์ส่วนตัว', ''),
(40, 132, 'phone', 'เบอร์มือถือ', '085-0738248'),
(40, 133, 'social', 'Line ID', ''),
(41, 134, 'email', 'อีเมล์ส่วนตัว', ''),
(41, 135, 'phone', 'เบอร์มือถือ', '061-8199555'),
(41, 136, 'social', 'Line ID', ''),
(50, 161, 'email', 'อีเมล์ส่วนตัว', ''),
(50, 162, 'phone', 'เบอร์มือถือ', '081-2954358'),
(50, 163, 'social', 'Line ID', ''),
(51, 164, 'email', 'อีเมล์ส่วนตัว', ''),
(51, 165, 'phone', 'เบอร์มือถือ', '088-3292600'),
(51, 166, 'social', 'Line ID', ''),
(52, 167, 'email', 'อีเมล์ส่วนตัว', ''),
(52, 168, 'phone', 'เบอร์มือถือ', '099-8253136'),
(52, 169, 'social', 'Line ID', ''),
(53, 170, 'email', 'อีเมล์ส่วนตัว', ''),
(53, 171, 'phone', 'เบอร์มือถือ', '085-4464000'),
(53, 172, 'social', 'Line ID', ''),
(54, 173, 'email', 'อีเมล์ส่วนตัว', ''),
(54, 174, 'phone', 'เบอร์มือถือ', '094-4098110'),
(54, 175, 'social', 'Line ID', ''),
(55, 176, 'email', 'อีเมล์ส่วนตัว', ''),
(55, 177, 'phone', 'เบอร์มือถือ', '095-5389596'),
(55, 178, 'social', 'Line ID', ''),
(56, 179, 'email', 'อีเมล์ส่วนตัว', ''),
(56, 180, 'phone', 'เบอร์มือถือ', '091-7311919'),
(56, 181, 'social', 'Line ID', ''),
(57, 182, 'email', 'อีเมล์ส่วนตัว', ''),
(57, 183, 'phone', 'เบอร์มือถือ', '095-7718365'),
(57, 184, 'social', 'Line ID', ''),
(59, 188, 'email', 'อีเมล์ส่วนตัว', ''),
(59, 189, 'phone', 'เบอร์มือถือ', '089-4564974'),
(59, 190, 'social', 'Line ID', ''),
(60, 191, 'email', 'อีเมล์ส่วนตัว', ''),
(60, 192, 'phone', 'เบอร์มือถือ', '085-2616617'),
(60, 193, 'social', 'Line ID', ''),
(61, 194, 'email', 'อีเมล์ส่วนตัว', ''),
(61, 195, 'phone', 'เบอร์มือถือ', '090-3877500'),
(61, 196, 'social', 'Line ID', ''),
(62, 197, 'email', 'อีเมล์ส่วนตัว', ''),
(62, 198, 'phone', 'เบอร์มือถือ', '087-6664441'),
(62, 199, 'social', 'Line ID', ''),
(63, 200, 'email', 'อีเมล์ส่วนตัว', ''),
(63, 201, 'phone', 'เบอร์มือถือ', '081-8168907'),
(63, 202, 'social', 'Line ID', ''),
(65, 206, 'email', 'อีเมล์ส่วนตัว', ''),
(65, 207, 'phone', 'เบอร์มือถือ', '088-8468416'),
(65, 208, 'social', 'Line ID', ''),
(67, 212, 'email', 'อีเมล์ส่วนตัว', ''),
(67, 213, 'phone', 'เบอร์มือถือ', '092-8135580'),
(67, 214, 'social', 'Line ID', ''),
(68, 215, 'email', 'อีเมล์ส่วนตัว', ''),
(68, 216, 'phone', 'เบอร์มือถือ', '090-9311584'),
(68, 217, 'social', 'Line ID', ''),
(70, 221, 'email', 'อีเมล์ส่วนตัว', ''),
(70, 222, 'phone', 'เบอร์มือถือ', ''),
(70, 223, 'social', 'Line ID', ''),
(71, 224, 'email', 'อีเมล์ส่วนตัว', ''),
(71, 225, 'phone', 'เบอร์มือถือ', '088-6209368'),
(71, 226, 'social', 'Line ID', ''),
(72, 227, 'email', 'อีเมล์ส่วนตัว', ''),
(72, 228, 'phone', 'เบอร์มือถือ', '088-6209368'),
(72, 229, 'social', 'Line ID', ''),
(74, 233, 'email', 'อีเมล์ส่วนตัว', ''),
(74, 234, 'phone', 'เบอร์มือถือ', '085-0579631'),
(74, 235, 'social', 'Line ID', ''),
(75, 236, 'email', 'อีเมล์ส่วนตัว', ''),
(75, 237, 'phone', 'เบอร์มือถือ', '081-9205363'),
(75, 238, 'social', 'Line ID', ''),
(77, 242, 'email', 'อีเมล์ส่วนตัว', ''),
(77, 243, 'phone', 'เบอร์มือถือ', '081-9255451'),
(77, 244, 'social', 'Line ID', ''),
(78, 245, 'email', 'อีเมล์ส่วนตัว', ''),
(78, 246, 'phone', 'เบอร์มือถือ', '087-0402281'),
(78, 247, 'social', 'Line ID', ''),
(80, 251, 'email', 'อีเมล์ส่วนตัว', ''),
(80, 252, 'phone', 'เบอร์มือถือ', '096-4392237'),
(80, 253, 'social', 'Line ID', ''),
(81, 254, 'email', 'อีเมล์ส่วนตัว', ''),
(81, 255, 'phone', 'เบอร์มือถือ', '099-2868016'),
(81, 256, 'social', 'Line ID', ''),
(83, 260, 'email', 'อีเมล์ส่วนตัว', ''),
(83, 261, 'phone', 'เบอร์มือถือ', '081-7455525'),
(83, 262, 'social', 'Line ID', ''),
(85, 266, 'email', 'อีเมล์ส่วนตัว', ''),
(85, 267, 'phone', 'เบอร์มือถือ', '080-5605522'),
(85, 268, 'social', 'Line ID', ''),
(86, 269, 'email', 'อีเมล์ส่วนตัว', ''),
(86, 270, 'phone', 'เบอร์มือถือ', '081-7788456'),
(86, 271, 'social', 'Line ID', ''),
(88, 275, 'email', 'อีเมล์ส่วนตัว', ''),
(88, 276, 'phone', 'เบอร์มือถือ', '089-9193299'),
(88, 277, 'social', 'Line ID', ''),
(89, 278, 'email', 'อีเมล์ส่วนตัว', ''),
(89, 279, 'phone', 'เบอร์มือถือ', '097-0018387'),
(89, 280, 'social', 'Line ID', ''),
(90, 281, 'email', 'อีเมล์ส่วนตัว', ''),
(90, 282, 'phone', 'เบอร์มือถือ', '081-6829452'),
(90, 283, 'social', 'Line ID', ''),
(91, 284, 'email', 'อีเมล์ส่วนตัว', ''),
(91, 285, 'phone', 'เบอร์มือถือ', '081-3036739'),
(91, 286, 'social', 'Line ID', ''),
(92, 287, 'email', 'อีเมล์ส่วนตัว', ''),
(92, 288, 'phone', 'เบอร์มือถือ', '094-6801177'),
(92, 289, 'social', 'Line ID', ''),
(93, 290, 'email', 'อีเมล์ส่วนตัว', ''),
(93, 291, 'phone', 'เบอร์มือถือ', '092-8835529'),
(93, 292, 'social', 'Line ID', ''),
(95, 296, 'email', 'อีเมล์ส่วนตัว', ''),
(95, 297, 'phone', 'เบอร์มือถือ', '087-1135049'),
(95, 298, 'social', 'Line ID', ''),
(97, 302, 'email', 'อีเมล์ส่วนตัว', ''),
(97, 303, 'phone', 'เบอร์มือถือ', '081-3504327'),
(97, 304, 'social', 'Line ID', ''),
(98, 305, 'email', 'อีเมล์ส่วนตัว', ''),
(98, 306, 'phone', 'เบอร์มือถือ', '081-9033816'),
(98, 307, 'social', 'Line ID', ''),
(100, 311, 'phone', 'เบอร์มือถือ', '080-6191481'),
(102, 317, 'email', 'อีเมล์ส่วนตัว', ''),
(102, 318, 'phone', 'เบอร์มือถือ', '031-7029963'),
(102, 319, 'social', 'Line ID', ''),
(104, 323, 'email', 'อีเมล์ส่วนตัว', ''),
(104, 324, 'phone', 'เบอร์มือถือ', '096-8908353'),
(104, 325, 'social', 'Line ID', ''),
(106, 329, 'email', 'อีเมล์ส่วนตัว', ''),
(106, 330, 'phone', 'เบอร์มือถือ', '081-5737122'),
(106, 331, 'social', 'Line ID', ''),
(107, 332, 'email', 'อีเมล์ส่วนตัว', ''),
(107, 333, 'phone', 'เบอร์มือถือ', '091-7789763'),
(107, 334, 'social', 'Line ID', ''),
(109, 338, 'email', 'อีเมล์ส่วนตัว', ''),
(109, 339, 'phone', 'เบอร์มือถือ', '095-9823655'),
(109, 340, 'social', 'Line ID', ''),
(110, 341, 'email', 'อีเมล์ส่วนตัว', ''),
(110, 342, 'phone', 'เบอร์มือถือ', '083-4461778'),
(110, 343, 'social', 'Line ID', ''),
(111, 344, 'email', 'อีเมล์ส่วนตัว', ''),
(111, 345, 'phone', 'เบอร์มือถือ', '098-3877500'),
(111, 346, 'social', 'Line ID', ''),
(113, 350, 'email', 'อีเมล์ส่วนตัว', ''),
(113, 351, 'phone', 'เบอร์มือถือ', '098-3877500'),
(113, 352, 'social', 'Line ID', ''),
(115, 356, 'email', 'อีเมล์ส่วนตัว', ''),
(115, 357, 'phone', 'เบอร์มือถือ', '087-7936498'),
(115, 358, 'social', 'Line ID', ''),
(116, 359, 'email', 'อีเมล์ส่วนตัว', ''),
(116, 360, 'phone', 'เบอร์มือถือ', '081-2684587'),
(116, 361, 'social', 'Line ID', ''),
(117, 362, 'email', 'อีเมล์ส่วนตัว', ''),
(117, 363, 'phone', 'เบอร์มือถือ', '093-6849990'),
(117, 364, 'social', 'Line ID', ''),
(118, 365, 'email', 'อีเมล์ส่วนตัว', ''),
(118, 366, 'phone', 'เบอร์มือถือ', '085-6770581'),
(118, 367, 'social', 'Line ID', ''),
(119, 368, 'email', 'อีเมล์ส่วนตัว', ''),
(119, 369, 'phone', 'เบอร์มือถือ', '085-6770581'),
(119, 370, 'social', 'Line ID', ''),
(120, 371, 'email', 'อีเมล์ส่วนตัว', ''),
(120, 372, 'phone', 'เบอร์มือถือ', '081-3504236'),
(120, 373, 'social', 'Line ID', ''),
(121, 374, 'email', 'อีเมล์ส่วนตัว', ''),
(121, 375, 'phone', 'เบอร์มือถือ', '081-3504236'),
(121, 376, 'social', 'Line ID', ''),
(122, 377, 'email', 'อีเมล์ส่วนตัว', ''),
(122, 378, 'phone', 'เบอร์มือถือ', '087-9997667'),
(122, 379, 'social', 'Line ID', ''),
(123, 380, 'email', 'อีเมล์ส่วนตัว', ''),
(123, 381, 'phone', 'เบอร์มือถือ', '087-9997667'),
(123, 382, 'social', 'Line ID', ''),
(124, 383, 'email', 'อีเมล์ส่วนตัว', ''),
(124, 384, 'phone', 'เบอร์มือถือ', '087-9666013'),
(124, 385, 'social', 'Line ID', ''),
(125, 386, 'email', 'อีเมล์ส่วนตัว', ''),
(125, 387, 'phone', 'เบอร์มือถือ', '087-9666013'),
(125, 388, 'social', 'Line ID', ''),
(126, 389, 'email', 'อีเมล์ส่วนตัว', ''),
(126, 390, 'phone', 'เบอร์มือถือ', '097-0239011'),
(126, 391, 'social', 'Line ID', ''),
(127, 392, 'email', 'อีเมล์ส่วนตัว', ''),
(127, 393, 'phone', 'เบอร์มือถือ', '097-124353'),
(127, 394, 'social', 'Line ID', ''),
(128, 395, 'email', 'อีเมล์ส่วนตัว', ''),
(128, 396, 'phone', 'เบอร์มือถือ', '097-124353'),
(128, 397, 'social', 'Line ID', ''),
(129, 398, 'email', 'อีเมล์ส่วนตัว', ''),
(129, 399, 'phone', 'เบอร์มือถือ', '095-3512068'),
(129, 400, 'social', 'Line ID', ''),
(130, 401, 'email', 'อีเมล์ส่วนตัว', ''),
(130, 402, 'phone', 'เบอร์มือถือ', '061-8135171'),
(130, 403, 'social', 'Line ID', ''),
(131, 404, 'email', 'อีเมล์ส่วนตัว', ''),
(131, 405, 'phone', 'เบอร์มือถือ', '080-0206268'),
(131, 406, 'social', 'Line ID', ''),
(132, 407, 'email', 'อีเมล์ส่วนตัว', ''),
(132, 408, 'phone', 'เบอร์มือถือ', '092-2717951'),
(132, 409, 'social', 'Line ID', ''),
(134, 413, 'email', 'อีเมล์ส่วนตัว', ''),
(134, 414, 'phone', 'เบอร์มือถือ', '085-4882676'),
(134, 415, 'social', 'Line ID', ''),
(135, 416, 'email', 'อีเมล์ส่วนตัว', ''),
(135, 417, 'phone', 'เบอร์มือถือ', '086-3319696'),
(135, 418, 'social', 'Line ID', ''),
(136, 419, 'email', 'อีเมล์ส่วนตัว', ''),
(136, 420, 'phone', 'เบอร์มือถือ', '080-2673888'),
(136, 421, 'social', 'Line ID', ''),
(137, 422, 'email', 'อีเมล์ส่วนตัว', ''),
(137, 423, 'phone', 'เบอร์มือถือ', '092-8867693'),
(137, 424, 'social', 'Line ID', ''),
(138, 425, 'phone', 'เบอร์มือถือ', '084-9030593'),
(139, 426, 'phone', 'เบอร์มือถือ', '0836879645');

-- --------------------------------------------------------

--
-- Table structure for table `dealer`
--

CREATE TABLE `dealer` (
  `dealer_id` int(11) NOT NULL,
  `dealer_name` varchar(128) NOT NULL,
  `dealer_created` datetime NOT NULL,
  `dealer_address` varchar(255) NOT NULL,
  `dealer_license` varchar(30) NOT NULL,
  `dealer_tel` varchar(30) NOT NULL,
  `dealer_mobile_phone` varchar(30) NOT NULL,
  `dealer_fax` varchar(30) NOT NULL,
  `dealer_email` varchar(60) NOT NULL,
  `dealer_emp_id` int(4) NOT NULL,
  `dealer_updated` datetime NOT NULL
) ENGINE=InnoDB DEFAULT CHARSET=utf8;

--
-- Dumping data for table `dealer`
--

INSERT INTO `dealer` (`dealer_id`, `dealer_name`, `dealer_created`, `dealer_address`, `dealer_license`, `dealer_tel`, `dealer_mobile_phone`, `dealer_fax`, `dealer_email`, `dealer_emp_id`, `dealer_updated`) VALUES
(1, 'บริษัท จีเอ็มจี โปรเกรส (2016) จำกัด', '2017-02-14 23:18:05', '81 หมู่ที่ 1 ถนน รังสิต-ปทุมธานี ต.บ้านกลาง อ.เมื่องปทุมธานี จ.ปทุมธานี 12000', '0135559009031', '02-5673-555, 025671-255', '095-814-6065', '02-567-1256', 'mgprogress2016@gmail.com', 6, '2017-02-15 00:09:38');

-- --------------------------------------------------------

--
-- Table structure for table `dealer_paytype_permit`
--

CREATE TABLE `dealer_paytype_permit` (
  `pay_id` int(11) NOT NULL,
  `dealer_id` int(11) NOT NULL
) ENGINE=InnoDB DEFAULT CHARSET=utf8;

-- --------------------------------------------------------

--
-- Table structure for table `employees`
--

CREATE TABLE `employees` (
  `emp_dealer_id` int(3) NOT NULL,
  `emp_dep_id` int(2) NOT NULL,
  `emp_pos_id` int(3) NOT NULL,
  `emp_id` int(4) NOT NULL,
  `emp_created` datetime NOT NULL,
  `emp_prefix_name` varchar(5) NOT NULL,
  `emp_first_name` varchar(40) NOT NULL,
  `emp_last_name` varchar(50) NOT NULL,
  `emp_image_id` int(11) NOT NULL,
  `emp_nickname` varchar(20) NOT NULL,
  `emp_username` varchar(15) NOT NULL,
  `emp_password` varchar(64) NOT NULL,
  `emp_phone_number` varchar(10) NOT NULL,
  `emp_email` varchar(128) NOT NULL,
  `emp_line_id` varchar(30) NOT NULL,
  `emp_address` text NOT NULL,
  `emp_city_id` int(3) NOT NULL,
  `emp_zip` varchar(5) NOT NULL,
  `emp_birthday` date NOT NULL,
  `emp_updated` datetime NOT NULL,
  `emp_display` enum('disabled','enabled') NOT NULL,
  `emp_notes` text NOT NULL,
  `emp_mode` varchar(20) NOT NULL,
  `emp_lang` varchar(3) NOT NULL,
  `emp_permission` text NOT NULL,
  `emp_online` int(11) NOT NULL
) ENGINE=InnoDB DEFAULT CHARSET=utf8;

--
-- Dumping data for table `employees`
--

INSERT INTO `employees` (`emp_dealer_id`, `emp_dep_id`, `emp_pos_id`, `emp_id`, `emp_created`, `emp_prefix_name`, `emp_first_name`, `emp_last_name`, `emp_image_id`, `emp_nickname`, `emp_username`, `emp_password`, `emp_phone_number`, `emp_email`, `emp_line_id`, `emp_address`, `emp_city_id`, `emp_zip`, `emp_birthday`, `emp_updated`, `emp_display`, `emp_notes`, `emp_mode`, `emp_lang`, `emp_permission`, `emp_online`) VALUES
(1, 4, 2, 6, '2016-12-11 14:42:30', 'Mr.', 'ภุชงค์', 'สวนแจ้ง', 78, '', 'admin', '96f6056b20bfa4ee2bdfbe3d885026b70b0aee8bb1ef70436571dd22cd127e74', '0843635952', 'monkey.d.chong@gmail.com', 'shiichong', '{\"number\":\"\",\"mu\":\"\",\"village\":\"\",\"alley\":\"\",\"street\":\"\",\"district\":\"\",\"amphur\":\"\",\"city\":\"64\",\"zip\":\"\"}', 64, '', '1970-01-01', '2017-04-03 00:49:39', 'enabled', '', 'blue', 'th', '', 0),
(1, 2, 3, 13, '2017-02-08 15:25:41', 'Mr.', 'ธนัท', 'สัครพันธ์', 55, '', 'sale1', '96f6056b20bfa4ee2bdfbe3d885026b70b0aee8bb1ef70436571dd22cd127e74', '', '', '', '{\"number\":\"\",\"mu\":\"\",\"village\":\"\",\"alley\":\"\",\"street\":\"\",\"district\":\"\",\"amphur\":\"\",\"city\":\"64\",\"zip\":\"\"}', 64, '', '1970-01-01', '2017-03-24 17:04:51', 'enabled', '', 'blue', 'th', '', 0),
(1, 2, 1, 14, '2017-02-08 15:26:07', 'Ms.', 'จิราพร', 'แสงโดด', 56, '', 'sale2', '96f6056b20bfa4ee2bdfbe3d885026b70b0aee8bb1ef70436571dd22cd127e74', '', '', '', '{\"number\":\"\",\"mu\":\"\",\"village\":\"\",\"alley\":\"\",\"street\":\"\",\"district\":\"\",\"amphur\":\"\",\"city\":\"\",\"zip\":\"\"}', 0, '', '1970-01-01', '2017-03-24 13:45:17', 'enabled', '', '', '', '', 0),
(1, 2, 1, 15, '2017-02-08 15:27:20', 'Mr.', 'จิรายุ', 'วัชรศิริโชค', 57, '', 'sale3', '96f6056b20bfa4ee2bdfbe3d885026b70b0aee8bb1ef70436571dd22cd127e74', '', '', '', '{\"number\":\"\",\"mu\":\"\",\"village\":\"\",\"alley\":\"\",\"street\":\"\",\"district\":\"\",\"amphur\":\"\",\"city\":\"\",\"zip\":\"\"}', 0, '', '0000-00-00', '2017-03-26 11:52:50', 'enabled', '', '', '', '', 0),
(1, 2, 1, 16, '2017-02-08 15:27:46', 'Ms.', 'นงนุช', 'ปิ่นแก้ว', 0, '', 'sale4', '96f6056b20bfa4ee2bdfbe3d885026b70b0aee8bb1ef70436571dd22cd127e74', '', '', '', '', 0, '', '0000-00-00', '2017-02-10 09:56:44', 'enabled', '', '', '', '', 0),
(1, 2, 1, 17, '2017-02-08 15:28:10', 'Mr.', 'ณัฐวุฒิ', 'ทองสุข', 0, '', 'sale5', '96f6056b20bfa4ee2bdfbe3d885026b70b0aee8bb1ef70436571dd22cd127e74', '', '', '', '', 0, '', '0000-00-00', '2017-02-10 09:56:32', 'enabled', '', '', '', '', 0),
(1, 2, 1, 18, '2017-02-08 15:28:29', 'Ms.', 'บุษกร', 'เพ็ชรมาลัย', 0, '', 'sale6', '96f6056b20bfa4ee2bdfbe3d885026b70b0aee8bb1ef70436571dd22cd127e74', '', '', '', '', 0, '', '0000-00-00', '2017-02-10 09:39:23', 'enabled', '', '', '', '', 0),
(1, 2, 1, 19, '2017-02-08 15:28:50', 'Mr.', 'อัยยะ', 'สมสุข', 0, '', 'sale7', '96f6056b20bfa4ee2bdfbe3d885026b70b0aee8bb1ef70436571dd22cd127e74', '', '', '', '', 0, '', '0000-00-00', '2017-02-10 09:56:12', 'enabled', '', '', '', '', 0),
(1, 2, 4, 20, '2017-02-08 15:29:38', 'Ms.', 'ลภัสรดา', 'ธิสา', 58, '', 'sale8', '96f6056b20bfa4ee2bdfbe3d885026b70b0aee8bb1ef70436571dd22cd127e74', '', '', '', '{\"number\":\"\",\"mu\":\"\",\"village\":\"\",\"alley\":\"\",\"street\":\"\",\"district\":\"\",\"amphur\":\"\",\"city\":\"\",\"zip\":\"\"}', 0, '', '1970-01-01', '2017-03-24 13:45:32', 'enabled', '', '', '', '', 0),
(1, 2, 1, 21, '2017-02-08 15:30:12', 'Ms.', 'สุญาดา', 'พันธุ์เถาว์', 59, '', 'sale9', '96f6056b20bfa4ee2bdfbe3d885026b70b0aee8bb1ef70436571dd22cd127e74', '', '', '', '{\"number\":\"\",\"mu\":\"\",\"village\":\"\",\"alley\":\"\",\"street\":\"\",\"district\":\"\",\"amphur\":\"\",\"city\":\"\",\"zip\":\"\"}', 0, '', '1970-01-01', '2017-03-24 13:45:53', 'enabled', '', '', '', '', 0),
(1, 2, 1, 22, '2017-02-08 15:30:33', 'Ms.', 'วิษา', 'เต็งกุลศล', 60, '', 'sale10', '96f6056b20bfa4ee2bdfbe3d885026b70b0aee8bb1ef70436571dd22cd127e74', '', '', '', '{\"number\":\"\",\"mu\":\"\",\"village\":\"\",\"alley\":\"\",\"street\":\"\",\"district\":\"\",\"amphur\":\"\",\"city\":\"\",\"zip\":\"\"}', 0, '', '0000-00-00', '2017-03-26 11:50:55', 'enabled', '', '', '', '', 0),
(1, 2, 1, 23, '2017-02-08 15:31:08', 'Mr.', 'ยศพล', 'เสฏฐ์คณา', 0, '', 'sale11', '96f6056b20bfa4ee2bdfbe3d885026b70b0aee8bb1ef70436571dd22cd127e74', '', '', '', '', 0, '', '0000-00-00', '2017-02-10 09:38:17', 'enabled', '', '', '', '', 0),
(1, 2, 1, 24, '2017-02-08 15:31:31', 'Mr.', 'อุดร', 'ดิษฐประสพ', 0, '', 'sale12', '96f6056b20bfa4ee2bdfbe3d885026b70b0aee8bb1ef70436571dd22cd127e74', '', '', '', '', 0, '', '0000-00-00', '2017-02-10 09:38:34', 'enabled', '', '', '', '', 0),
(1, 2, 1, 25, '2017-02-08 15:31:52', 'Ms.', 'อัมพวัน', 'วงษ์ทอง', 0, '', 'sale13', '96f6056b20bfa4ee2bdfbe3d885026b70b0aee8bb1ef70436571dd22cd127e74', '', '', '', '{\"number\":\"\",\"mu\":\"\",\"village\":\"\",\"alley\":\"\",\"street\":\"\",\"district\":\"\",\"amphur\":\"\",\"city\":\"\",\"zip\":\"\"}', 0, '', '1970-01-01', '2017-03-24 11:01:16', 'enabled', '', '', '', '', 0),
(1, 2, 1, 26, '2017-02-08 15:32:14', 'Ms.', 'จิรนิตย์', 'พันธ์หว้า', 0, '', 'sale14', '96f6056b20bfa4ee2bdfbe3d885026b70b0aee8bb1ef70436571dd22cd127e74', '', '', '', '{\"number\":\"\",\"mu\":\"\",\"village\":\"\",\"alley\":\"\",\"street\":\"\",\"district\":\"\",\"amphur\":\"\",\"city\":\"\",\"zip\":\"\"}', 0, '', '1970-01-01', '2017-03-24 12:16:08', 'enabled', '', '', '', '', 0),
(1, 1, 2, 32, '2017-03-24 15:32:26', 'Mr.', 'พชร', 'นันทอาภา', 66, '', 'blacklistmodz', 'fe4cf836c6a7950448013c3effd82b63ea269c55f67ef790bb30342026f4e05b', '', '', '', '{\"number\":\"\",\"mu\":\"\",\"village\":\"\",\"alley\":\"\",\"street\":\"\",\"district\":\"\",\"amphur\":\"\",\"city\":\"\",\"zip\":\"\"}', 0, '', '1970-01-01', '2017-03-29 17:24:35', 'enabled', '', '', '', '', 0),
(1, 5, 5, 33, '2017-03-27 23:31:45', 'Mr.', 'ช่างใหญ่', 'ใจนิ่ง', 0, '', 'tecni1', '96f6056b20bfa4ee2bdfbe3d885026b70b0aee8bb1ef70436571dd22cd127e74', '', '', '', '{\"number\":\"\",\"mu\":\"\",\"village\":\"\",\"alley\":\"\",\"street\":\"\",\"district\":\"\",\"amphur\":\"\",\"city\":\"\",\"zip\":\"\"}', 0, '', '1970-01-01', '2017-03-29 18:22:22', 'enabled', '', '', '', '', 0),
(1, 5, 5, 34, '2017-03-29 18:42:09', 'Mr.', 'เหิญ', 'ใจใหญ่', 0, '', 'tecni2', '96f6056b20bfa4ee2bdfbe3d885026b70b0aee8bb1ef70436571dd22cd127e74', '', '', '', '{\"number\":\"\",\"mu\":\"\",\"village\":\"\",\"alley\":\"\",\"street\":\"\",\"district\":\"\",\"amphur\":\"\",\"city\":\"\",\"zip\":\"\"}', 0, '', '0000-00-00', '2017-03-29 18:42:09', 'enabled', '', '', '', '', 0),
(1, 3, 0, 35, '2017-04-03 14:57:51', '', 'กุ้งนาง', '', 0, '', 'service02', 'b3fbcdb3904f6098715f10a90f523f85abba4d4577a72ddc46fb717830d08285', '', '', '', '{\"number\":\"\",\"mu\":\"\",\"village\":\"\",\"alley\":\"\",\"street\":\"\",\"district\":\"\",\"amphur\":\"\",\"city\":\"\",\"zip\":\"\"}', 0, '', '0000-00-00', '2017-04-03 15:31:05', 'enabled', '', '', '', '{\"dashboard\":{\"view\":\"0\"},\"customers\":{\"view\":\"0\",\"add\":\"0\",\"edit\":\"0\",\"del\":\"0\"},\"booking\":{\"view\":\"0\",\"add\":\"0\",\"edit\":\"0\",\"del\":\"0\"},\"stocks\":{\"view\":\"1\",\"add\":\"1\",\"edit\":\"1\",\"del\":\"1\"},\"sales\":{\"view\":\"0\",\"add\":\"0\",\"edit\":\"0\",\"del\":\"0\"},\"services\":{\"view\":\"0\",\"add\":\"0\",\"edit\":\"0\",\"del\":\"0\"},\"reports\":{\"view\":\"0\"}}', 0);

-- --------------------------------------------------------

--
-- Table structure for table `emp_clocking`
--

CREATE TABLE `emp_clocking` (
  `clock_id` int(11) NOT NULL,
  `ckock_emp_id` int(3) NOT NULL,
  `clock_start_date` datetime NOT NULL,
  `clock_end_date` datetime NOT NULL
) ENGINE=InnoDB DEFAULT CHARSET=utf8;

-- --------------------------------------------------------

--
-- Table structure for table `emp_department`
--

CREATE TABLE `emp_department` (
  `dep_id` int(11) NOT NULL,
  `dep_name` varchar(40) NOT NULL,
  `dep_notes` text NOT NULL,
  `dep_is_admin` tinyint(1) NOT NULL COMMENT '1 = admin',
  `dep_permission` text NOT NULL,
  `dep_is_sale` tinyint(1) NOT NULL,
  `dep_is_tec` tinyint(1) NOT NULL,
  `dep_is_service` tinyint(1) NOT NULL
) ENGINE=InnoDB DEFAULT CHARSET=utf8;

--
-- Dumping data for table `emp_department`
--

INSERT INTO `emp_department` (`dep_id`, `dep_name`, `dep_notes`, `dep_is_admin`, `dep_permission`, `dep_is_sale`, `dep_is_tec`, `dep_is_service`) VALUES
(1, 'Manager', '', 1, '{\"dashboard\":{\"view\":\"1\"},\"calendar\":{\"view\":\"1\"},\"customers\":{\"view\":\"1\",\"add\":\"1\",\"edit\":\"1\",\"del\":\"1\"},\"booking\":{\"view\":\"1\",\"add\":\"1\",\"edit\":\"1\",\"del\":\"1\"},\"stock\":{\"view\":\"1\",\"add\":\"1\",\"edit\":\"1\",\"del\":\"1\"},\"sales\":{\"view\":\"1\",\"add\":\"1\",\"edit\":\"1\",\"del\":\"1\"},\"services\":{\"view\":\"1\",\"add\":\"1\",\"edit\":\"1\",\"del\":\"1\"},\"reports\":{\"view\":\"1\"},\"company\":{\"view\":\"1\",\"add\":\"1\",\"edit\":\"1\",\"del\":\"1\"},\"dealer\":{\"view\":\"0\",\"add\":\"0\",\"edit\":\"0\",\"del\":\"0\"},\"department\":{\"view\":\"0\",\"add\":\"0\",\"edit\":\"0\",\"del\":\"0\"},\"position\":{\"view\":\"1\",\"add\":\"1\",\"edit\":\"1\",\"del\":\"1\"},\"employees\":{\"view\":\"1\",\"add\":\"1\",\"edit\":\"1\",\"del\":\"1\"},\"brands\":{\"view\":\"0\",\"add\":\"0\",\"edit\":\"0\",\"del\":\"0\"},\"models\":{\"view\":\"1\",\"add\":\"1\",\"edit\":\"1\",\"del\":\"1\"},\"accessory\":{\"view\":\"1\",\"add\":\"1\",\"edit\":\"1\",\"del\":\"1\"},\"store\":{\"view\":\"0\",\"add\":\"0\",\"edit\":\"0\",\"del\":\"0\"},\"cus_refer\":{\"view\":\"1\",\"add\":\"1\",\"edit\":\"1\",\"del\":\"0\"}}', 0, 0, 0),
(2, 'Sales', 'จัดการ บริการส่วนของการจอง', 0, '{\"dashboard\":{\"view\":\"0\"},\"customers\":{\"view\":\"1\",\"add\":\"1\",\"edit\":\"0\",\"del\":\"0\"},\"booking\":{\"view\":\"1\",\"add\":\"1\",\"edit\":\"0\",\"del\":\"0\"},\"stock\":{\"view\":\"1\",\"add\":\"0\",\"edit\":\"0\",\"del\":\"0\"},\"sales\":{\"view\":\"1\",\"add\":\"0\",\"edit\":\"0\",\"del\":\"0\"},\"services\":{\"view\":\"0\",\"add\":\"0\",\"edit\":\"0\",\"del\":\"0\"},\"reports\":{\"view\":\"0\"}}', 1, 0, 0),
(3, 'Service', 'จัดการ บริการส่วนบริการลูกค้า', 0, '{\"dashboard\":{\"view\":\"0\"},\"customers\":{\"view\":\"0\",\"add\":\"0\",\"edit\":\"0\",\"del\":\"0\"},\"booking\":{\"view\":\"0\",\"add\":\"0\",\"edit\":\"0\",\"del\":\"0\"},\"stocks\":{\"view\":\"0\",\"add\":\"0\",\"edit\":\"0\",\"del\":\"0\"},\"sales\":{\"view\":\"0\",\"add\":\"0\",\"edit\":\"0\",\"del\":\"0\"},\"services\":{\"view\":\"1\",\"add\":\"1\",\"edit\":\"0\",\"del\":\"0\"},\"reports\":{\"view\":\"0\"}}', 0, 0, 1),
(4, 'Admin', 'สามารถทำได้ทุกอย่าง', 1, '{\"dashboard\":{\"view\":\"1\"},\"customers\":{\"view\":\"1\",\"add\":\"1\",\"edit\":\"1\",\"del\":\"1\"},\"booking\":{\"view\":\"1\",\"add\":\"1\",\"edit\":\"1\",\"del\":\"1\"},\"stock\":{\"view\":\"1\",\"add\":\"1\",\"edit\":\"1\",\"del\":\"1\"},\"sales\":{\"view\":\"1\",\"add\":\"1\",\"edit\":\"1\",\"del\":\"1\"},\"services\":{\"view\":\"1\",\"add\":\"1\",\"edit\":\"1\",\"del\":\"1\"},\"reports\":{\"view\":\"1\"}}', 0, 0, 0),
(5, 'Technician', '', 0, '', 0, 1, 0);

-- --------------------------------------------------------

--
-- Table structure for table `emp_job_queue`
--

CREATE TABLE `emp_job_queue` (
  `q_id` int(11) NOT NULL,
  `q_emp_id` int(11) NOT NULL,
  `q_status` enum('wait','busy','booking','run','finish') NOT NULL,
  `q_start_date` datetime NOT NULL,
  `q_end_date` datetime NOT NULL,
  `q_created` datetime NOT NULL COMMENT 'คิวของวันไหน ?',
  `q_queue` int(3) NOT NULL
) ENGINE=InnoDB DEFAULT CHARSET=utf8;

-- --------------------------------------------------------

--
-- Table structure for table `emp_position`
--

CREATE TABLE `emp_position` (
  `pos_id` int(11) NOT NULL,
  `pos_dep_id` int(11) NOT NULL,
  `pos_name` varchar(50) NOT NULL,
  `pos_notes` text NOT NULL,
  `pos_permission` text NOT NULL
) ENGINE=InnoDB DEFAULT CHARSET=utf8;

--
-- Dumping data for table `emp_position`
--

INSERT INTO `emp_position` (`pos_id`, `pos_dep_id`, `pos_name`, `pos_notes`, `pos_permission`) VALUES
(1, 2, 'ที่ปรึกษาการขาย', '', ''),
(2, 4, 'หัวหน้าฝ่าย IT', '', ''),
(3, 2, 'ทีมขาย A', '', ''),
(4, 2, 'ทีมขาย B', '', ''),
(5, 5, 'ช่างซ่อม', '', '');

-- --------------------------------------------------------

--
-- Table structure for table `emp_skill`
--

CREATE TABLE `emp_skill` (
  `skill_id` int(11) NOT NULL,
  `skill_name` varchar(60) NOT NULL
) ENGINE=InnoDB DEFAULT CHARSET=utf8;

-- --------------------------------------------------------

--
-- Table structure for table `emp_skill_permit`
--

CREATE TABLE `emp_skill_permit` (
  `skill_id` int(11) NOT NULL,
  `emp_id` int(11) NOT NULL
) ENGINE=InnoDB DEFAULT CHARSET=utf8;

-- --------------------------------------------------------

--
-- Table structure for table `invoices`
--

CREATE TABLE `invoices` (
  `inv_order_id` int(11) NOT NULL,
  `inv_id` int(11) NOT NULL,
  `inv_code` varchar(8) NOT NULL,
  `inv_paytype` int(1) NOT NULL,
  `inv_created` datetime NOT NULL,
  `inv_amount` float(11,2) NOT NULL,
  `inv_vat` int(4) NOT NULL,
  `inv_pay` float(7,2) NOT NULL,
  `inv_change` float(5,2) NOT NULL,
  `inv_emp_id` int(3) NOT NULL,
  `inv_note` text NOT NULL
) ENGINE=InnoDB DEFAULT CHARSET=utf8;

-- --------------------------------------------------------

--
-- Table structure for table `media`
--

CREATE TABLE `media` (
  `media_album_id` int(11) NOT NULL,
  `media_id` int(11) NOT NULL,
  `media_name` varchar(160) CHARACTER SET utf8 NOT NULL,
  `media_caption` varchar(255) CHARACTER SET utf8 NOT NULL,
  `media_type` varchar(20) CHARACTER SET utf8 NOT NULL,
  `media_sequence` double NOT NULL,
  `media_emp_id` int(11) NOT NULL,
  `media_created` datetime NOT NULL
) ENGINE=InnoDB DEFAULT CHARSET=latin1;

--
-- Dumping data for table `media`
--

INSERT INTO `media` (`media_album_id`, `media_id`, `media_name`, `media_caption`, `media_type`, `media_sequence`, `media_emp_id`, `media_created`) VALUES
(1, 55, 'Image_fcb0884.jpg', '', 'jpg', 23, 0, '0000-00-00 00:00:00'),
(1, 56, 'Image_d3a6f57.jpg', '', 'jpg', 24, 0, '0000-00-00 00:00:00'),
(1, 57, 'Image_e21da70.jpg', '', 'jpg', 25, 0, '0000-00-00 00:00:00'),
(1, 58, 'Image_25f7745.jpg', '', 'jpg', 26, 0, '0000-00-00 00:00:00'),
(1, 59, 'Image_14966c5.jpg', '', 'jpg', 27, 0, '0000-00-00 00:00:00'),
(1, 60, 'Image_1391e22.jpg', '', 'jpg', 28, 0, '0000-00-00 00:00:00'),
(1, 66, '14731133_700973536738065_7088858288486053031_n.jpg', '', 'jpg', 32, 0, '0000-00-00 00:00:00'),
(2, 67, 'MG GS.png', '', 'png', 1, 0, '0000-00-00 00:00:00'),
(2, 69, 'MG5.png', '', 'png', 2, 0, '0000-00-00 00:00:00'),
(2, 70, 'MG3.png', '', 'png', 3, 0, '0000-00-00 00:00:00'),
(2, 71, 'MG6.png', '', 'png', 4, 0, '0000-00-00 00:00:00'),
(1, 73, 'MG5.png', '', 'png', 34, 0, '2017-03-30 08:19:43'),
(1, 74, 'MG3.png', '', 'png', 35, 0, '2017-03-30 08:20:02'),
(1, 75, 'MG6.png', '', 'png', 36, 0, '2017-03-30 08:20:10'),
(1, 76, 'MG GS.png', '', 'png', 37, 0, '2017-03-30 16:02:23'),
(1, 78, 'Admin-icon.png', '', 'png', 38, 6, '2017-04-01 11:34:45');

-- --------------------------------------------------------

--
-- Table structure for table `media_albums`
--

CREATE TABLE `media_albums` (
  `album_id` int(11) NOT NULL,
  `album_name` varchar(60) NOT NULL,
  `album_description` text NOT NULL,
  `album_created` datetime NOT NULL,
  `album_folder` varchar(20) NOT NULL,
  `album_obj_id` int(11) NOT NULL,
  `album_obj_type` varchar(20) NOT NULL,
  `album_log` tinyint(1) NOT NULL
) ENGINE=InnoDB DEFAULT CHARSET=utf8;

--
-- Dumping data for table `media_albums`
--

INSERT INTO `media_albums` (`album_id`, `album_name`, `album_description`, `album_created`, `album_folder`, `album_obj_id`, `album_obj_type`, `album_log`) VALUES
(1, 'my', '', '2017-03-28 01:27:53', '', 1, 'public', 0);

-- --------------------------------------------------------

--
-- Table structure for table `orders`
--

CREATE TABLE `orders` (
  `order_id` int(11) NOT NULL,
  `order_emp_id` int(3) NOT NULL,
  `order_cus_id` int(11) NOT NULL,
  `order_bed_id` int(11) NOT NULL,
  `order_deposit` float(6,2) NOT NULL,
  `order_deposit_type` text NOT NULL,
  `order_total_price` float(9,2) NOT NULL,
  `order_total_discount` float(7,2) NOT NULL,
  `order_is_free` tinyint(1) NOT NULL,
  `order_created` datetime NOT NULL,
  `order_updated` datetime NOT NULL,
  `order_tip` float(6,2) NOT NULL,
  `order_start_date` datetime NOT NULL,
  `order_end_date` datetime NOT NULL,
  `order_status` enum('run','finish','cancel','booking') NOT NULL
) ENGINE=InnoDB DEFAULT CHARSET=utf8;

-- --------------------------------------------------------

--
-- Table structure for table `orders_items`
--

CREATE TABLE `orders_items` (
  `item_order_id` int(11) NOT NULL,
  `item_id` int(11) NOT NULL,
  `item_pack_id` int(11) NOT NULL,
  `item_status` enum('order','run','finish','cancel') NOT NULL,
  `item_created` datetime NOT NULL,
  `item_price` float(9,2) NOT NULL,
  `item_qty` int(2) NOT NULL,
  `item_updated` datetime NOT NULL,
  `item_note` text NOT NULL,
  `item_discount` float(6,2) NOT NULL,
  `item_emp_id` int(3) NOT NULL
) ENGINE=InnoDB DEFAULT CHARSET=utf8;

-- --------------------------------------------------------

--
-- Table structure for table `orders_items_emp_permit`
--

CREATE TABLE `orders_items_emp_permit` (
  `item_id` int(11) NOT NULL,
  `emp_id` int(3) NOT NULL,
  `queue` int(4) NOT NULL
) ENGINE=InnoDB DEFAULT CHARSET=utf8;

-- --------------------------------------------------------

--
-- Table structure for table `package`
--

CREATE TABLE `package` (
  `pack_id` int(11) NOT NULL,
  `pack_code` varchar(15) NOT NULL,
  `pack_name` varchar(60) NOT NULL,
  `pack_timer` int(4) NOT NULL COMMENT 'เก็บเป็นนาที',
  `pack_is_time` tinyint(1) NOT NULL COMMENT '1 = ครั้ง , 0 = ตามเวลา',
  `pack_price` float(7,2) NOT NULL,
  `pack_created` datetime NOT NULL,
  `pack_emp_id` int(11) NOT NULL,
  `pack_updated` datetime NOT NULL
) ENGINE=InnoDB DEFAULT CHARSET=utf8;

-- --------------------------------------------------------

--
-- Table structure for table `products`
--

CREATE TABLE `products` (
  `pro_id` int(11) NOT NULL,
  `pro_model_id` int(11) NOT NULL,
  `pro_name` varchar(128) NOT NULL,
  `pro_cc` varchar(10) NOT NULL,
  `pro_mfy` varchar(10) NOT NULL,
  `pro_price` float(11,2) NOT NULL,
  `pro_balance` int(4) NOT NULL COMMENT 'คงเหลือ',
  `pro_subtotal` int(4) NOT NULL COMMENT 'รวมทั้งสิ้น',
  `pro_booking` int(4) NOT NULL COMMENT 'ยอดจอง',
  `pro_soldtotal` int(4) NOT NULL COMMENT 'ขายไปแล้ว',
  `pro_order_total` int(4) NOT NULL COMMENT 'สั่งเพิ่ม',
  `pro_total` int(4) NOT NULL COMMENT 'รวมทั้งหมด',
  `pro_updated` datetime NOT NULL,
  `pro_created` datetime NOT NULL
) ENGINE=InnoDB DEFAULT CHARSET=utf8;

--
-- Dumping data for table `products`
--

INSERT INTO `products` (`pro_id`, `pro_model_id`, `pro_name`, `pro_cc`, `pro_mfy`, `pro_price`, `pro_balance`, `pro_subtotal`, `pro_booking`, `pro_soldtotal`, `pro_order_total`, `pro_total`, `pro_updated`, `pro_created`) VALUES
(13, 2, 'MG3 Hatchback 1.5C', '1500', '2016', 479000.00, 0, 0, 0, 0, 0, 0, '2017-03-21 10:09:36', '2017-02-16 09:47:22'),
(14, 2, 'MG3 Hatchback 1.5D (Monotone)', '1500', '2016', 509000.00, 0, 0, 4, 2, 4, 0, '2017-03-23 17:15:24', '2017-02-16 09:52:49'),
(15, 2, 'MG3 Hatchback 1.5D (twotone)', '1500', '2016', 514000.00, 0, 0, 5, 9, 5, 0, '2017-03-23 17:16:01', '2017-02-16 10:00:03'),
(16, 2, 'MG3 Hatchback 1.5 x Sunroof (Monotone)', '1500', '2016', 559000.00, 0, 0, 4, 0, 4, 0, '2017-03-31 10:09:25', '2017-02-16 10:08:08'),
(17, 2, 'MG3 Hatchback 1.5 x Sunroof (Twotone)', '1500', '2016', 564000.00, 0, 0, 8, 15, 8, 0, '2017-03-23 17:21:04', '2017-02-16 10:12:59'),
(18, 2, 'MG3 Xross 1.5 X', '1500', '2016', 595000.00, 0, 0, 2, 0, 2, 0, '2017-03-23 17:01:37', '2017-02-16 10:19:02'),
(19, 2, 'MG3 Hatchback 1.5V Sunroof ', '1500', '2016', 579000.00, 0, 0, 2, 2, 2, 0, '2017-03-23 17:20:20', '2017-02-16 10:22:44'),
(20, 1, 'MG6 Fastback 1.8 C Turbo', '1800', '2016', 908000.00, 0, 0, 2, 0, 2, 0, '2017-03-24 14:38:42', '2017-02-16 10:30:29'),
(21, 1, 'MG6 Fastback 1.8 C Turbo (Black top)', '1800', '2016', 918000.00, 0, 0, 0, 0, 0, 0, '2017-03-21 10:12:40', '2017-02-16 10:35:58'),
(22, 1, 'MG6 Fastback 1.8 D Turbo', '1800', '2016', 998000.00, 0, 0, 0, 0, 0, 0, '2017-03-21 10:12:13', '2017-02-16 10:40:16'),
(23, 1, 'MG6 Fastback 1.8 D Turbo (Black top)', '1800', '2016', 1008000.00, 0, 0, 0, 0, 0, 0, '2017-03-21 10:12:04', '2017-02-16 10:43:39'),
(24, 1, 'MG6 Fastback 1.8 D Turbo sunroof', '1800', '2016', 1028000.00, 0, 0, 0, 0, 0, 0, '2017-03-21 10:11:57', '2017-02-16 10:47:25'),
(25, 1, 'MG6 Fastback 1.8 D Turbo sunroof (Black top)', '1800', '2016', 1038000.00, 0, 0, 0, 0, 0, 0, '2017-03-21 10:11:46', '2017-02-16 10:53:32'),
(26, 1, 'MG6 Fastback 1.8 X Turbo', '1800', '2016', 1108000.00, 0, 0, 0, 0, 0, 0, '2017-03-24 14:38:49', '2017-02-16 10:57:45'),
(27, 1, 'MG6 Fastback 1.8 X Turbo (Black top)', '1800', '2016', 1118000.00, 0, 0, 0, 0, 0, 0, '2017-03-21 10:11:30', '2017-02-16 11:00:48'),
(28, 1, 'MG6 Fastback 1.8 X Turbo sunroof', '1800', '2016', 1138000.00, 0, 0, 0, 0, 0, 0, '2017-03-21 10:11:21', '2017-02-16 11:07:04'),
(29, 1, 'MG6 Fastback 1.8 X Turbo sunroof (Black top)', '1800', '2016', 1148000.00, 0, 0, 0, 0, 0, 0, '2017-03-29 16:05:51', '2017-02-16 11:12:00'),
(30, 1, 'MG6 Sedan 1.8 C Turbo', '1800', '2016', 898000.00, 0, 0, 0, 0, 0, 0, '2017-03-21 10:11:05', '2017-02-16 11:17:18'),
(31, 1, 'MG6 Sedan 1.8 D Turbo', '1800', '2016', 988000.00, 0, 0, 0, 0, 0, 0, '2017-03-21 10:11:00', '2017-02-16 11:20:06'),
(32, 1, 'MG6 Sedan 1.8 D Turbo Sunroof', '1800', '2016', 1018000.00, 0, 0, 1, 1, 1, 0, '2017-03-21 10:10:52', '2017-02-16 11:23:17'),
(33, 1, 'MG6 Sedan 1.8 X Turbo', '1800', '2016', 1098000.00, 0, 0, 1, 0, 1, 0, '2017-03-21 10:10:23', '2017-02-16 11:25:25'),
(34, 1, 'MG6 Sedan 1.8 X Turbo Sunroof', '1800', '2016', 1128000.00, 0, 0, 0, 0, 0, 0, '2017-03-21 10:10:13', '2017-02-16 11:30:10'),
(35, 4, 'MG GS 2.0 2WD D', '2000', '2016', 1210000.00, 0, 0, 0, 0, 0, 0, '2017-03-29 14:08:12', '2017-02-16 11:42:24'),
(36, 4, 'MG GS 2.0 2WD D (Black top)', '2000', '2016', 1217000.00, 0, 0, 0, 0, 0, 0, '2017-03-21 09:57:04', '2017-02-16 11:45:58'),
(37, 4, 'MG GS 2.0 AWD X Sunroof', '2000', '2016', 1310000.00, 0, 0, 0, 0, 0, 0, '2017-03-21 09:56:57', '2017-02-16 11:49:38'),
(38, 4, 'MG GS 2.0 AWD X Sunroof (Black top)', '2000', '2016', 1317000.00, 0, 0, 2, 0, 2, 0, '2017-03-23 16:53:07', '2017-02-16 11:52:49'),
(39, 4, 'MG GS 1.5 2WD D', '1500', '2016', 890000.00, 0, 0, 1, 0, 1, 0, '2017-03-21 09:56:40', '2017-02-16 11:55:52'),
(40, 4, 'MG GS 1.5 2WD D (Black top)', '1500', '2016', 897000.00, 0, 0, 0, 0, 0, 0, '2017-03-21 09:55:52', '2017-02-16 11:58:26'),
(41, 4, 'MG GS 1.5 2WD X Sunroof', '1500', '2016', 990000.00, 0, 0, 7, 3, 7, 0, '2017-03-23 17:11:30', '2017-02-16 12:01:07'),
(42, 4, 'MG GS 1.5 2WD X Sunroof (Black top)', '1500', '2016', 997000.00, 0, 0, 0, 0, 0, 0, '2017-03-20 10:49:25', '2017-02-16 12:04:17'),
(43, 3, 'MG5 1.5 X Sunroof', '1500', '2017', 699000.00, 0, 0, 10, 9, 10, 0, '2017-03-23 17:18:33', '2017-02-23 09:35:41');

-- --------------------------------------------------------

--
-- Table structure for table `products_activity`
--

CREATE TABLE `products_activity` (
  `act_id` int(11) NOT NULL,
  `act_pro_id` int(11) NOT NULL,
  `act_cost` float(11,2) NOT NULL,
  `act_qty` int(4) NOT NULL,
  `act_updated` datetime NOT NULL,
  `act_emp_id` int(11) NOT NULL
) ENGINE=InnoDB DEFAULT CHARSET=utf8;

--
-- Dumping data for table `products_activity`
--

INSERT INTO `products_activity` (`act_id`, `act_pro_id`, `act_cost`, `act_qty`, `act_updated`, `act_emp_id`) VALUES
(4, 7, 550000.00, 2, '2017-02-10 11:02:20', 6),
(7, 10, 800000.00, 2, '2017-02-10 11:11:23', 6),
(8, 11, 900000.00, 1, '2017-02-10 11:15:19', 6),
(9, 12, 1234567.00, 1, '2017-02-14 18:33:32', 6),
(10, 13, 450000.00, 0, '2017-03-21 10:09:36', 6),
(11, 14, 480000.00, 0, '2017-03-21 10:09:28', 6),
(12, 15, 480000.00, 0, '2017-03-21 10:08:46', 6),
(13, 16, 500000.00, 0, '2017-03-21 10:08:37', 6),
(14, 17, 525000.00, 0, '2017-03-21 10:08:08', 6),
(15, 18, 559000.00, 0, '2017-03-21 10:08:01', 6),
(16, 19, 554000.00, 0, '2017-03-21 10:07:23', 6),
(17, 20, 890000.00, 0, '2017-03-21 10:10:05', 6),
(18, 21, 895000.00, 0, '2017-03-21 10:12:40', 6),
(19, 22, 969000.00, 0, '2017-03-21 10:12:13', 6),
(20, 23, 989000.00, 0, '2017-03-21 10:12:04', 6),
(21, 24, 989000.00, 0, '2017-03-21 10:11:57', 6),
(22, 25, 998000.00, 0, '2017-03-21 10:11:48', 6),
(23, 26, 999000.00, 0, '2017-03-21 10:11:36', 6),
(24, 27, 1000000.00, 0, '2017-03-21 10:11:30', 6),
(25, 28, 1050000.00, 0, '2017-03-21 10:11:21', 6),
(26, 29, 1060000.00, 0, '2017-03-21 10:11:13', 6),
(27, 30, 695000.00, 0, '2017-03-21 10:11:05', 6),
(28, 31, 795000.00, 0, '2017-03-21 10:11:00', 6),
(29, 32, 950000.00, 0, '2017-03-21 10:10:52', 6),
(30, 33, 969000.00, 0, '2017-03-21 10:10:24', 6),
(31, 34, 995000.00, 0, '2017-03-21 10:10:15', 6),
(32, 35, 1100000.00, 0, '2017-03-21 09:57:16', 6),
(33, 36, 1100000.00, 0, '2017-03-21 09:57:07', 6),
(34, 37, 1150000.00, 0, '2017-03-21 09:56:57', 6),
(35, 38, 1159000.00, 0, '2017-03-21 09:56:48', 6),
(36, 39, 699000.00, 0, '2017-03-21 09:56:40', 6),
(37, 40, 699000.00, 0, '2017-03-21 09:55:54', 6),
(38, 41, 799000.00, 0, '2017-03-21 09:56:25', 6),
(40, 43, 600000.00, 1, '2017-02-23 10:20:40', 6),
(45, 42, 650000.00, 0, '2017-03-21 09:56:09', 6),
(46, 42, 650000.00, 0, '2017-03-21 09:56:12', 6),
(47, 42, 650000.00, 0, '2017-03-20 10:49:26', 6),
(48, 43, 600000.00, 0, '2017-03-21 09:58:41', 6),
(49, 43, 699000.00, 0, '2017-03-13 09:44:52', 6),
(50, 20, 890000.00, 0, '2017-03-20 18:44:21', 6),
(51, 20, 890000.00, 0, '2017-03-21 10:09:48', 6);

-- --------------------------------------------------------

--
-- Table structure for table `products_brands`
--

CREATE TABLE `products_brands` (
  `brand_id` int(11) NOT NULL,
  `brand_created` datetime NOT NULL,
  `brand_name` varchar(128) NOT NULL,
  `brand_notes` varchar(160) NOT NULL,
  `brand_updated` datetime NOT NULL,
  `brand_emp_id` int(4) NOT NULL
) ENGINE=InnoDB DEFAULT CHARSET=utf8;

--
-- Dumping data for table `products_brands`
--

INSERT INTO `products_brands` (`brand_id`, `brand_created`, `brand_name`, `brand_notes`, `brand_updated`, `brand_emp_id`) VALUES
(1, '2017-02-14 23:44:28', 'MG', '', '2017-02-14 23:44:47', 6);

-- --------------------------------------------------------

--
-- Table structure for table `products_items`
--

CREATE TABLE `products_items` (
  `item_pro_id` int(11) NOT NULL,
  `item_act_id` int(11) NOT NULL,
  `item_id` int(11) NOT NULL,
  `item_color` int(2) NOT NULL,
  `item_vin` varchar(17) NOT NULL,
  `item_engine` varchar(17) NOT NULL,
  `item_updated` datetime NOT NULL,
  `item_status` varchar(20) NOT NULL
) ENGINE=InnoDB DEFAULT CHARSET=utf8;

--
-- Dumping data for table `products_items`
--

INSERT INTO `products_items` (`item_pro_id`, `item_act_id`, `item_id`, `item_color`, `item_vin`, `item_engine`, `item_updated`, `item_status`) VALUES
(43, 49, 114, 19, '15S4CQCTG3140013', 'MMLA16E39GT012072', '2017-03-21 13:45:12', 'sold'),
(17, 14, 115, 16, 'MMLZ14E35GT015042', '15S4CQBTG7150017', '2017-03-21 14:23:03', 'sold'),
(15, 12, 116, 12, 'MMLZ14E3XGT015571', '15S4CQBTG8150033', '2017-03-23 14:17:05', 'sold'),
(17, 14, 117, 16, 'MMLZ14E37GT015415', '15S4CQBTG8010001', '2017-03-23 14:21:30', 'sold'),
(17, 14, 118, 12, 'MMLZ14E32GT015435', '15S4CQBTG8080010', '2017-03-23 14:34:31', 'sold'),
(17, 14, 119, 16, 'MMLZ14E39GT015416', '15S4CQBTG80220004', '2017-03-23 14:35:30', 'sold'),
(32, 29, 120, 9, 'MMLW26G39ET011369', '18K4CN010000371', '2017-03-23 14:36:58', 'sold'),
(17, 14, 121, 16, 'MMLZ14E37GT015043', '15S4CQBTG7150022', '2017-03-23 14:40:29', 'sold'),
(17, 14, 122, 16, 'MMLZ14E35GT015834', '15S4CQBTG8240021', '2017-03-23 14:41:15', 'sold'),
(17, 14, 123, 14, 'MMLZ14E30GT015434', '15S4CQBTG8080009', '2017-03-23 14:42:06', 'sold'),
(15, 12, 124, 16, 'MMLZ14E32GT016343', '15S4CQBTG9130015', '2017-03-23 14:44:47', 'sold'),
(43, 49, 125, 17, 'MMLA16E36GT013941', '15S4CQCTG5240003', '2017-03-23 14:46:33', 'sold'),
(15, 12, 126, 16, 'MMLZ14E30GT016339', '15S4CQBTG9130012', '2017-03-23 14:48:04', 'sold'),
(43, 49, 127, 20, 'MMLA16E34GT011864', '15S4CQCTG3070042', '2017-03-23 14:48:53', 'sold'),
(43, 49, 128, 17, 'MMLZ14E3XGT016283', '15S4CQBTG9090018', '2017-03-23 14:52:11', 'sold'),
(17, 14, 129, 12, 'MMLZ14E36GT015437', '15S4CQBTG8080012', '2017-03-23 14:53:34', 'sold'),
(15, 12, 130, 14, 'MMLZ14E31GT015507', '15S4CQBTG8090030', '2017-03-23 14:54:30', 'sold'),
(15, 12, 131, 14, 'MMLZ14E37GT016533', '15S4CQBTG9200022', '2017-03-23 14:55:28', 'sold'),
(17, 14, 132, 11, 'MMLZ14E30GT016745', '15S4CQBTG9280050', '2017-03-23 14:56:12', 'sold'),
(15, 12, 133, 11, 'MMLZ14E39GT016744', '15S4CQBTG9280046', '2017-03-23 14:56:59', 'sold'),
(15, 12, 134, 13, 'MMLZ14E39GT016761', '15S4CQBTGA030009', '2017-03-23 15:42:52', 'sold'),
(17, 14, 135, 14, 'MMLZ14E30GT015482', '15S4CQBTG8080019', '2017-03-23 15:43:23', 'sold'),
(17, 14, 136, 14, 'MMLZ14E33GT016089', '15S4CQBTG9070003', '2017-03-23 15:44:35', 'sold'),
(43, 49, 137, 21, 'MMLA16E3XGT011853', '15S4CQCTG3090001', '2017-03-23 15:45:27', 'sold'),
(15, 12, 138, 11, 'MMLZ14E32GT016746', '15S4CQBTG9280049', '2017-03-23 16:45:31', 'sold'),
(43, 49, 139, 17, 'MMLA16235GT017306', '15S4GQHTGB020020', '2017-03-23 16:49:30', 'sold'),
(43, 49, 140, 17, 'MMLA16232GT010698', '15S4CQHTG1270005', '2017-03-23 17:03:05', 'sold'),
(17, 14, 141, 11, 'MMLZ14E34GT016960', '15S4CQBTGA070016', '2017-03-23 17:04:12', 'sold'),
(17, 14, 142, 14, 'MMLZ14E32GT015483', '15S4CQBTG8080022', '2017-03-23 17:04:59', 'sold'),
(41, 38, 143, 4, 'MMLA24243GT017802', '15E4ERETGC090015', '2017-03-23 17:05:38', 'sold'),
(41, 38, 144, 22, 'MMLA24241GT017927', '15E4ERETGC090021', '2017-03-23 17:07:02', 'sold'),
(41, 38, 145, 4, 'MMLZ14E37GT016628', '15S4CQBTG9270013', '2017-03-23 17:11:29', 'sold'),
(17, 14, 146, 14, 'MMLZ14E3XGT016090', '15S4CQBTG9070004', '2017-03-23 17:12:28', 'sold'),
(19, 16, 147, 16, 'MML14E3XGT017918', '15S4CQBTGC130005', '2017-03-23 17:13:44', 'sold'),
(14, 11, 148, 11, 'MMLZ14E38GT017030', '15S4CQBTGA120023', '2017-03-23 17:14:37', 'sold'),
(14, 11, 149, 14, 'MMLZ14E39GT015609', '15S4CQBTG8180019', '2017-03-23 17:15:24', 'sold'),
(15, 12, 150, 16, 'MMLZ14E32GT017427', '15S4CQBTGB040001', '2017-03-23 17:16:01', 'sold'),
(43, 49, 151, 20, 'MMLA16E36GT011929', '15S4CQCTG3080007', '2017-03-23 17:16:46', 'sold'),
(43, 49, 152, 21, 'MMLA16E33GT011922', '15S4CQCTG3070023', '2017-03-23 17:18:33', 'sold'),
(19, 16, 153, 14, 'MMLZ14E33GT016450', '15S4CQBTG9160018', '2017-03-23 17:20:20', 'sold'),
(17, 14, 154, 11, 'MMLZ14E35GT016627', '15S4CQBTG9270014', '2017-03-23 17:21:04', 'sold');

-- --------------------------------------------------------

--
-- Table structure for table `products_models`
--

CREATE TABLE `products_models` (
  `model_brand_id` int(11) NOT NULL,
  `model_dealer_id` int(3) NOT NULL,
  `model_id` int(11) NOT NULL,
  `model_name` varchar(128) NOT NULL,
  `model_amount_reservation` int(4) NOT NULL COMMENT 'ยอดจอง',
  `model_amount_balance` int(4) NOT NULL COMMENT 'คงเหลือ',
  `model_amount_order` int(4) NOT NULL COMMENT 'สั่งเพิ่ม',
  `model_amount_total` int(4) NOT NULL COMMENT 'รวมทั้งหมด',
  `model_amount_sales` int(4) NOT NULL COMMENT 'ยอดขาย',
  `model_image_cover` int(11) NOT NULL
) ENGINE=InnoDB DEFAULT CHARSET=utf8;

--
-- Dumping data for table `products_models`
--

INSERT INTO `products_models` (`model_brand_id`, `model_dealer_id`, `model_id`, `model_name`, `model_amount_reservation`, `model_amount_balance`, `model_amount_order`, `model_amount_total`, `model_amount_sales`, `model_image_cover`) VALUES
(1, 1, 1, 'MG6', 4, 0, 4, 0, 1, 75),
(1, 1, 2, 'MG3', 25, 0, 25, 0, 28, 74),
(1, 1, 3, 'MG5', 10, 0, 10, 0, 9, 73),
(1, 1, 4, 'MG GS', 10, 0, 10, 0, 3, 76);

-- --------------------------------------------------------

--
-- Table structure for table `promotions`
--

CREATE TABLE `promotions` (
  `pro_id` int(11) NOT NULL,
  `pro_type` enum('percent','item','total','total_item','total_customer') NOT NULL,
  `pro_name` varchar(11) NOT NULL,
  `pro_discount` float(6,2) NOT NULL,
  `pro_qty` int(2) NOT NULL,
  `pro_start_date` datetime NOT NULL,
  `pro_start_end` datetime NOT NULL,
  `pro_emp_id` int(3) NOT NULL,
  `pro_created` datetime NOT NULL,
  `pro_status` enum('off','on','cancel') NOT NULL
) ENGINE=InnoDB DEFAULT CHARSET=utf8;

-- --------------------------------------------------------

--
-- Table structure for table `promotions_package_permit`
--

CREATE TABLE `promotions_package_permit` (
  `pro_id` int(11) NOT NULL,
  `pack_id` int(11) NOT NULL
) ENGINE=InnoDB DEFAULT CHARSET=utf8;

-- --------------------------------------------------------

--
-- Table structure for table `rooms`
--

CREATE TABLE `rooms` (
  `room_id` int(2) NOT NULL,
  `room_number` int(3) NOT NULL,
  `room_floor` int(1) NOT NULL,
  `room_price` float(6,2) NOT NULL,
  `room_status` enum('on','off','renovate') NOT NULL,
  `room_bed` int(1) NOT NULL,
  `room_person` int(2) NOT NULL,
  `room_timer` int(4) NOT NULL,
  `room_level` enum('basic','baths','vip') NOT NULL
) ENGINE=InnoDB DEFAULT CHARSET=utf8;

-- --------------------------------------------------------

--
-- Table structure for table `room_bed`
--

CREATE TABLE `room_bed` (
  `bed_id` int(3) NOT NULL,
  `bed_code` varchar(5) NOT NULL,
  `bed_status` enum('on','off') NOT NULL,
  `bed_room_id` int(2) NOT NULL
) ENGINE=InnoDB DEFAULT CHARSET=utf8;

-- --------------------------------------------------------

--
-- Table structure for table `system_activity`
--

CREATE TABLE `system_activity` (
  `obj_id` int(11) NOT NULL,
  `obj_type` int(11) NOT NULL,
  `emp_id` int(11) NOT NULL,
  `text` text NOT NULL,
  `link` varchar(100) NOT NULL,
  `updated` datetime NOT NULL
) ENGINE=InnoDB DEFAULT CHARSET=utf8;

-- --------------------------------------------------------

--
-- Table structure for table `system_info`
--

CREATE TABLE `system_info` (
  `option_name` varchar(160) NOT NULL,
  `option_value` longtext NOT NULL
) ENGINE=InnoDB DEFAULT CHARSET=utf8;

--
-- Dumping data for table `system_info`
--

INSERT INTO `system_info` (`option_name`, `option_value`) VALUES
('type', 'article'),
('name', 'บริษัท จีเอ็มจี โปรเกรส (2016) จำกัด'),
('address', '81 หมู่ที่ 1 ถนน รังสิต-ปทุมธานี ต.บ้านกลาง อ.เมื่องปทุมธานี จ.ปทุมธานี 12000'),
('phone', '02-5673-555, 025671-255'),
('mobile_phone', '095-814-6065'),
('fax', '02-567-1256'),
('license', '0135559009031'),
('email', 'mgprogress2016@gmail.com'),
('title', 'MG Progress');

-- --------------------------------------------------------

--
-- Table structure for table `system_notes`
--

CREATE TABLE `system_notes` (
  `note_id` int(11) NOT NULL,
  `note_date` datetime NOT NULL,
  `note_text` text NOT NULL,
  `note_emp_id` int(11) NOT NULL,
  `note_obj_id` int(11) NOT NULL,
  `note_obj_type` varchar(10) NOT NULL
) ENGINE=InnoDB DEFAULT CHARSET=utf8;

--
-- Dumping data for table `system_notes`
--

INSERT INTO `system_notes` (`note_id`, `note_date`, `note_text`, `note_emp_id`, `note_obj_id`, `note_obj_type`) VALUES
(5, '2017-03-27 09:29:48', 'ทดสอบ 2', 6, 92, 'customer'),
(6, '2017-03-27 10:30:21', 'ทดสอบ', 6, 20, 'employee'),
(7, '2017-03-27 10:49:24', 'ทดสอบ', 6, 138, 'customer');

-- --------------------------------------------------------

--
-- Table structure for table `system_paytype`
--

CREATE TABLE `system_paytype` (
  `pay_id` int(11) NOT NULL,
  `pay_name` varchar(30) NOT NULL
) ENGINE=InnoDB DEFAULT CHARSET=utf8;

--
-- Indexes for dumped tables
--

--
-- Indexes for table `city`
--
ALTER TABLE `city`
  ADD PRIMARY KEY (`city_id`);

--
-- Indexes for table `customers`
--
ALTER TABLE `customers`
  ADD PRIMARY KEY (`cus_id`),
  ADD KEY `cus_sale_id` (`cus_emp_id`);

--
-- Indexes for table `customers_level`
--
ALTER TABLE `customers_level`
  ADD PRIMARY KEY (`level_id`);

--
-- Indexes for table `customers_options`
--
ALTER TABLE `customers_options`
  ADD PRIMARY KEY (`option_id`);

--
-- Indexes for table `dealer`
--
ALTER TABLE `dealer`
  ADD PRIMARY KEY (`dealer_id`);

--
-- Indexes for table `dealer_paytype_permit`
--
ALTER TABLE `dealer_paytype_permit`
  ADD KEY `pay_id` (`pay_id`),
  ADD KEY `dealer_id` (`dealer_id`);

--
-- Indexes for table `employees`
--
ALTER TABLE `employees`
  ADD PRIMARY KEY (`emp_id`),
  ADD KEY `emp_dep_id` (`emp_dep_id`),
  ADD KEY `emp_pos_id` (`emp_pos_id`),
  ADD KEY `emp_dealer_id` (`emp_dealer_id`),
  ADD KEY `emp_image_id` (`emp_image_id`);

--
-- Indexes for table `emp_clocking`
--
ALTER TABLE `emp_clocking`
  ADD PRIMARY KEY (`clock_id`),
  ADD KEY `ckock_emp_id` (`ckock_emp_id`);

--
-- Indexes for table `emp_department`
--
ALTER TABLE `emp_department`
  ADD PRIMARY KEY (`dep_id`);

--
-- Indexes for table `emp_job_queue`
--
ALTER TABLE `emp_job_queue`
  ADD PRIMARY KEY (`q_id`);

--
-- Indexes for table `emp_position`
--
ALTER TABLE `emp_position`
  ADD PRIMARY KEY (`pos_id`),
  ADD KEY `pos_dep_id` (`pos_dep_id`);

--
-- Indexes for table `emp_skill`
--
ALTER TABLE `emp_skill`
  ADD PRIMARY KEY (`skill_id`);

--
-- Indexes for table `emp_skill_permit`
--
ALTER TABLE `emp_skill_permit`
  ADD KEY `skill_id` (`skill_id`),
  ADD KEY `emp_id` (`emp_id`);

--
-- Indexes for table `invoices`
--
ALTER TABLE `invoices`
  ADD PRIMARY KEY (`inv_id`),
  ADD KEY `inv_order_id` (`inv_order_id`),
  ADD KEY `inv_id` (`inv_id`),
  ADD KEY `inv_emp_id` (`inv_emp_id`),
  ADD KEY `inv_pay_type` (`inv_paytype`);

--
-- Indexes for table `media`
--
ALTER TABLE `media`
  ADD PRIMARY KEY (`media_id`),
  ADD KEY `media_album_id` (`media_album_id`),
  ADD KEY `media_emp_id` (`media_emp_id`);

--
-- Indexes for table `media_albums`
--
ALTER TABLE `media_albums`
  ADD PRIMARY KEY (`album_id`),
  ADD KEY `album_obj_id` (`album_obj_id`),
  ADD KEY `album_obj_type` (`album_obj_type`);

--
-- Indexes for table `orders`
--
ALTER TABLE `orders`
  ADD PRIMARY KEY (`order_id`),
  ADD KEY `order_cus_id` (`order_cus_id`),
  ADD KEY `order_bed_id` (`order_bed_id`),
  ADD KEY `order_emp_id` (`order_emp_id`),
  ADD KEY `order_id` (`order_id`);

--
-- Indexes for table `orders_items`
--
ALTER TABLE `orders_items`
  ADD PRIMARY KEY (`item_id`),
  ADD KEY `item_order_id` (`item_order_id`),
  ADD KEY `item_pack_id` (`item_pack_id`);

--
-- Indexes for table `orders_items_emp_permit`
--
ALTER TABLE `orders_items_emp_permit`
  ADD KEY `item_id` (`item_id`),
  ADD KEY `emp_id` (`emp_id`);

--
-- Indexes for table `products`
--
ALTER TABLE `products`
  ADD PRIMARY KEY (`pro_id`),
  ADD KEY `pro_model_id` (`pro_model_id`);

--
-- Indexes for table `products_activity`
--
ALTER TABLE `products_activity`
  ADD PRIMARY KEY (`act_id`);

--
-- Indexes for table `products_brands`
--
ALTER TABLE `products_brands`
  ADD PRIMARY KEY (`brand_id`);

--
-- Indexes for table `products_items`
--
ALTER TABLE `products_items`
  ADD PRIMARY KEY (`item_id`);

--
-- Indexes for table `products_models`
--
ALTER TABLE `products_models`
  ADD PRIMARY KEY (`model_id`),
  ADD KEY `model_brand_id` (`model_brand_id`),
  ADD KEY `model_dealer_id` (`model_dealer_id`);

--
-- Indexes for table `promotions`
--
ALTER TABLE `promotions`
  ADD PRIMARY KEY (`pro_id`);

--
-- Indexes for table `promotions_package_permit`
--
ALTER TABLE `promotions_package_permit`
  ADD KEY `pro_id` (`pro_id`),
  ADD KEY `pack_id` (`pack_id`);

--
-- Indexes for table `rooms`
--
ALTER TABLE `rooms`
  ADD PRIMARY KEY (`room_id`);

--
-- Indexes for table `room_bed`
--
ALTER TABLE `room_bed`
  ADD PRIMARY KEY (`bed_id`),
  ADD KEY `bed_room_id` (`bed_room_id`);

--
-- Indexes for table `system_activity`
--
ALTER TABLE `system_activity`
  ADD KEY `obj_id` (`obj_id`),
  ADD KEY `emp_id` (`emp_id`);

--
-- Indexes for table `system_info`
--
ALTER TABLE `system_info`
  ADD KEY `option_name` (`option_name`);

--
-- Indexes for table `system_notes`
--
ALTER TABLE `system_notes`
  ADD PRIMARY KEY (`note_id`),
  ADD KEY `note_emp_id` (`note_emp_id`),
  ADD KEY `note_obj_id` (`note_obj_id`),
  ADD KEY `note_obj_id_2` (`note_obj_id`),
  ADD KEY `note_emp_id_2` (`note_emp_id`),
  ADD KEY `note_obj_id_3` (`note_obj_id`);

--
-- Indexes for table `system_paytype`
--
ALTER TABLE `system_paytype`
  ADD PRIMARY KEY (`pay_id`),
  ADD KEY `pay_id` (`pay_id`);

--
-- AUTO_INCREMENT for dumped tables
--

--
-- AUTO_INCREMENT for table `city`
--
ALTER TABLE `city`
  MODIFY `city_id` int(5) NOT NULL AUTO_INCREMENT, AUTO_INCREMENT=78;
--
-- AUTO_INCREMENT for table `customers`
--
ALTER TABLE `customers`
  MODIFY `cus_id` int(11) NOT NULL AUTO_INCREMENT, AUTO_INCREMENT=140;
--
-- AUTO_INCREMENT for table `customers_level`
--
ALTER TABLE `customers_level`
  MODIFY `level_id` int(11) NOT NULL AUTO_INCREMENT;
--
-- AUTO_INCREMENT for table `customers_options`
--
ALTER TABLE `customers_options`
  MODIFY `option_id` int(20) NOT NULL AUTO_INCREMENT, AUTO_INCREMENT=427;
--
-- AUTO_INCREMENT for table `dealer`
--
ALTER TABLE `dealer`
  MODIFY `dealer_id` int(11) NOT NULL AUTO_INCREMENT, AUTO_INCREMENT=2;
--
-- AUTO_INCREMENT for table `employees`
--
ALTER TABLE `employees`
  MODIFY `emp_id` int(4) NOT NULL AUTO_INCREMENT, AUTO_INCREMENT=36;
--
-- AUTO_INCREMENT for table `emp_clocking`
--
ALTER TABLE `emp_clocking`
  MODIFY `clock_id` int(11) NOT NULL AUTO_INCREMENT;
--
-- AUTO_INCREMENT for table `emp_department`
--
ALTER TABLE `emp_department`
  MODIFY `dep_id` int(11) NOT NULL AUTO_INCREMENT, AUTO_INCREMENT=6;
--
-- AUTO_INCREMENT for table `emp_job_queue`
--
ALTER TABLE `emp_job_queue`
  MODIFY `q_id` int(11) NOT NULL AUTO_INCREMENT;
--
-- AUTO_INCREMENT for table `emp_position`
--
ALTER TABLE `emp_position`
  MODIFY `pos_id` int(11) NOT NULL AUTO_INCREMENT, AUTO_INCREMENT=6;
--
-- AUTO_INCREMENT for table `emp_skill`
--
ALTER TABLE `emp_skill`
  MODIFY `skill_id` int(11) NOT NULL AUTO_INCREMENT;
--
-- AUTO_INCREMENT for table `invoices`
--
ALTER TABLE `invoices`
  MODIFY `inv_id` int(11) NOT NULL AUTO_INCREMENT;
--
-- AUTO_INCREMENT for table `media`
--
ALTER TABLE `media`
  MODIFY `media_id` int(11) NOT NULL AUTO_INCREMENT, AUTO_INCREMENT=79;
--
-- AUTO_INCREMENT for table `media_albums`
--
ALTER TABLE `media_albums`
  MODIFY `album_id` int(11) NOT NULL AUTO_INCREMENT, AUTO_INCREMENT=2;
--
-- AUTO_INCREMENT for table `orders`
--
ALTER TABLE `orders`
  MODIFY `order_id` int(11) NOT NULL AUTO_INCREMENT;
--
-- AUTO_INCREMENT for table `orders_items`
--
ALTER TABLE `orders_items`
  MODIFY `item_id` int(11) NOT NULL AUTO_INCREMENT;
--
-- AUTO_INCREMENT for table `products`
--
ALTER TABLE `products`
  MODIFY `pro_id` int(11) NOT NULL AUTO_INCREMENT, AUTO_INCREMENT=44;
--
-- AUTO_INCREMENT for table `products_activity`
--
ALTER TABLE `products_activity`
  MODIFY `act_id` int(11) NOT NULL AUTO_INCREMENT, AUTO_INCREMENT=52;
--
-- AUTO_INCREMENT for table `products_brands`
--
ALTER TABLE `products_brands`
  MODIFY `brand_id` int(11) NOT NULL AUTO_INCREMENT, AUTO_INCREMENT=2;
--
-- AUTO_INCREMENT for table `products_items`
--
ALTER TABLE `products_items`
  MODIFY `item_id` int(11) NOT NULL AUTO_INCREMENT, AUTO_INCREMENT=155;
--
-- AUTO_INCREMENT for table `products_models`
--
ALTER TABLE `products_models`
  MODIFY `model_id` int(11) NOT NULL AUTO_INCREMENT, AUTO_INCREMENT=5;
--
-- AUTO_INCREMENT for table `promotions`
--
ALTER TABLE `promotions`
  MODIFY `pro_id` int(11) NOT NULL AUTO_INCREMENT;
--
-- AUTO_INCREMENT for table `rooms`
--
ALTER TABLE `rooms`
  MODIFY `room_id` int(2) NOT NULL AUTO_INCREMENT;
--
-- AUTO_INCREMENT for table `room_bed`
--
ALTER TABLE `room_bed`
  MODIFY `bed_id` int(3) NOT NULL AUTO_INCREMENT;
--
-- AUTO_INCREMENT for table `system_notes`
--
ALTER TABLE `system_notes`
  MODIFY `note_id` int(11) NOT NULL AUTO_INCREMENT, AUTO_INCREMENT=8;
--
-- AUTO_INCREMENT for table `system_paytype`
--
ALTER TABLE `system_paytype`
  MODIFY `pay_id` int(11) NOT NULL AUTO_INCREMENT;
/*!40101 SET CHARACTER_SET_CLIENT=@OLD_CHARACTER_SET_CLIENT */;
/*!40101 SET CHARACTER_SET_RESULTS=@OLD_CHARACTER_SET_RESULTS */;
/*!40101 SET COLLATION_CONNECTION=@OLD_COLLATION_CONNECTION */;
