-- phpMyAdmin SQL Dump
-- version 4.5.1
-- http://www.phpmyadmin.net
--
-- Host: 127.0.0.1
-- Generation Time: May 07, 2017 at 04:56 PM
-- Server version: 10.1.19-MariaDB
-- PHP Version: 5.6.28

SET SQL_MODE = "NO_AUTO_VALUE_ON_ZERO";
SET time_zone = "+00:00";


/*!40101 SET @OLD_CHARACTER_SET_CLIENT=@@CHARACTER_SET_CLIENT */;
/*!40101 SET @OLD_CHARACTER_SET_RESULTS=@@CHARACTER_SET_RESULTS */;
/*!40101 SET @OLD_COLLATION_CONNECTION=@@COLLATION_CONNECTION */;
/*!40101 SET NAMES utf8mb4 */;

--
-- Database: `spa_arima`
--

-- --------------------------------------------------------

--
-- Table structure for table `city`
--

CREATE TABLE `city` (
  `city_id` int(5) NOT NULL,
  `city_code` varchar(2) COLLATE utf8_unicode_ci NOT NULL,
  `city_name` varchar(150) COLLATE utf8_unicode_ci NOT NULL,
  `city_geo_id` int(5) NOT NULL DEFAULT '0'
) ENGINE=MyISAM DEFAULT CHARSET=utf8 COLLATE=utf8_unicode_ci;

--
-- Dumping data for table `city`
--

INSERT INTO `city` (`city_id`, `city_code`, `city_name`, `city_geo_id`) VALUES
(1, '10', 'กรุงเทพมหานคร', 2),
(2, '11', 'สมุทรปราการ', 2),
(3, '12', 'นนทบุรี', 2),
(4, '13', 'ปทุมธานี', 2),
(5, '14', 'พระนครศรีอยุธยา', 2),
(6, '15', 'อ่างทอง', 2),
(7, '16', 'ลพบุรี', 2),
(8, '17', 'สิงห์บุรี', 2),
(9, '18', 'ชัยนาท', 2),
(10, '19', 'สระบุรี', 2),
(11, '20', 'ชลบุรี', 5),
(12, '21', 'ระยอง', 5),
(13, '22', 'จันทบุรี', 5),
(14, '23', 'ตราด', 5),
(15, '24', 'ฉะเชิงเทรา', 5),
(16, '25', 'ปราจีนบุรี', 5),
(17, '26', 'นครนายก', 2),
(18, '27', 'สระแก้ว', 5),
(19, '30', 'นครราชสีมา', 3),
(20, '31', 'บุรีรัมย์', 3),
(21, '32', 'สุรินทร์', 3),
(22, '33', 'ศรีสะเกษ', 3),
(23, '34', 'อุบลราชธานี', 3),
(24, '35', 'ยโสธร', 3),
(25, '36', 'ชัยภูมิ', 3),
(26, '37', 'อำนาจเจริญ', 3),
(27, '39', 'หนองบัวลำภู', 3),
(28, '40', 'ขอนแก่น', 3),
(29, '41', 'อุดรธานี', 3),
(30, '42', 'เลย', 3),
(31, '43', 'หนองคาย', 3),
(32, '44', 'มหาสารคาม', 3),
(33, '45', 'ร้อยเอ็ด', 3),
(34, '46', 'กาฬสินธุ์', 3),
(35, '47', 'สกลนคร', 3),
(36, '48', 'นครพนม', 3),
(37, '49', 'มุกดาหาร', 3),
(38, '50', 'เชียงใหม่', 1),
(39, '51', 'ลำพูน', 1),
(40, '52', 'ลำปาง', 1),
(41, '53', 'อุตรดิตถ์', 1),
(42, '54', 'แพร่', 1),
(43, '55', 'น่าน', 1),
(44, '56', 'พะเยา', 1),
(45, '57', 'เชียงราย', 1),
(46, '58', 'แม่ฮ่องสอน', 1),
(47, '60', 'นครสวรรค์', 2),
(48, '61', 'อุทัยธานี', 2),
(49, '62', 'กำแพงเพชร', 2),
(50, '63', 'ตาก', 4),
(51, '64', 'สุโขทัย', 2),
(52, '65', 'พิษณุโลก', 2),
(53, '66', 'พิจิตร', 2),
(54, '67', 'เพชรบูรณ์', 2),
(55, '70', 'ราชบุรี', 4),
(56, '71', 'กาญจนบุรี', 4),
(57, '72', 'สุพรรณบุรี', 2),
(58, '73', 'นครปฐม', 2),
(59, '74', 'สมุทรสาคร', 2),
(60, '75', 'สมุทรสงคราม', 2),
(61, '76', 'เพชรบุรี', 4),
(62, '77', 'ประจวบคีรีขันธ์', 4),
(63, '80', 'นครศรีธรรมราช', 6),
(64, '81', 'กระบี่', 6),
(65, '82', 'พังงา', 6),
(66, '83', 'ภูเก็ต', 6),
(67, '84', 'สุราษฎร์ธานี', 6),
(68, '85', 'ระนอง', 6),
(69, '86', 'ชุมพร', 6),
(70, '90', 'สงขลา', 6),
(71, '91', 'สตูล', 6),
(72, '92', 'ตรัง', 6),
(73, '93', 'พัทลุง', 6),
(74, '94', 'ปัตตานี', 6),
(75, '95', 'ยะลา', 6),
(76, '96', 'นราธิวาส', 6),
(77, '97', 'บึงกาฬ', 3);

-- --------------------------------------------------------

--
-- Table structure for table `customers`
--

CREATE TABLE `customers` (
  `cus_id` int(11) NOT NULL,
  `cus_created` datetime NOT NULL,
  `cus_prefix_name` varchar(5) NOT NULL,
  `cus_first_name` varchar(20) NOT NULL,
  `cus_last_name` varchar(20) NOT NULL,
  `cus_nickname` varchar(20) NOT NULL,
  `cus_birthday` date NOT NULL,
  `cus_address` text NOT NULL,
  `cus_zip` int(5) NOT NULL,
  `cus_city_id` int(11) NOT NULL,
  `cus_email` varchar(30) DEFAULT NULL,
  `cus_phone` varchar(15) DEFAULT NULL,
  `cus_lineID` varchar(128) DEFAULT NULL,
  `cus_card_id` varchar(13) NOT NULL,
  `cus_updated` datetime NOT NULL,
  `cus_emp_id` int(11) NOT NULL,
  `cus_image_id` int(11) NOT NULL,
  `cus_bookmark` tinyint(1) NOT NULL
) ENGINE=InnoDB DEFAULT CHARSET=utf8;

--
-- Dumping data for table `customers`
--

INSERT INTO `customers` (`cus_id`, `cus_created`, `cus_prefix_name`, `cus_first_name`, `cus_last_name`, `cus_nickname`, `cus_birthday`, `cus_address`, `cus_zip`, `cus_city_id`, `cus_email`, `cus_phone`, `cus_lineID`, `cus_card_id`, `cus_updated`, `cus_emp_id`, `cus_image_id`, `cus_bookmark`) VALUES
(1, '2017-02-08 11:39:05', 'Mr.', 'พชร', 'นันทอาภา', 'ต้น', '1993-11-01', '{"number":"414","mu":"4","village":"","alley":"3","street":"\\u0e40\\u0e01\\u0e32\\u0e30\\u0e04\\u0e32-\\u0e2b\\u0e49\\u0e32\\u0e07\\u0e09\\u0e31\\u0e15\\u0e23","district":"\\u0e17\\u0e48\\u0e32\\u0e1c\\u0e32","amphur":"\\u0e40\\u0e01\\u0e32\\u0e30\\u0e04\\u0e32","city":"40","zip":"52130"}', 52130, 40, 'email@email.com', '0882267030', 'lineID', '1529900668255', '2017-03-11 11:01:05', 6, 0, 0),
(2, '2017-02-20 00:00:00', 'Ms.', 'รัตนา', 'นุ่มนวล', 'หลิน', '0000-00-00', '{"number":"20","mu":"2","village":"2","alley":"","street":"","district":"5","amphur":"\\u0e2b","city":"16","zip":"45111"}', 45111, 16, '0839524512', '0843635952', '', '', '2017-02-28 02:59:37', 0, 0, 0),
(3, '2017-02-27 16:15:10', 'Mr.', 'ภุชงค์', 'สวนแจ้ง', 'ชง', '1989-07-05', '{"number":"20","mu":"10","village":"","alley":"5","street":"555","district":"\\u0e1a\\u0e49\\u0e32\\u0e19\\u0e42\\u0e1b\\u0e48\\u0e07","amphur":"\\u0e07\\u0e32\\u0e27","city":"40","zip":"52110"}', 52110, 40, 'monkey.d.chong@gmail.com', '0843635525', 'shiichong', '1520500075275', '2017-03-10 10:25:03', 6, 0, 0),
(4, '2017-02-27 17:25:29', 'Ms.', 'จิตรดา', 'จันแดง', 'ก้อย', '1990-11-12', '{"number":"20","mu":"10","village":"\\u0e1a\\u0e49\\u0e32\\u0e19\\u0e41\\u0e21\\u0e48\\u0e15\\u0e35\\u0e1a","alley":"5","street":"","district":"\\u0e1a\\u0e49\\u0e32\\u0e19\\u0e41\\u0e21\\u0e48\\u0e15\\u0e35\\u0e1a","amphur":"\\u0e07\\u0e32\\u0e27","city":"40","zip":"52110"}', 52110, 40, 'goi_nana@hotmail.com', '0843635952', '', '1520500075175', '2017-03-03 15:38:32', 6, 0, 0),
(5, '2017-02-28 03:19:06', 'Mr.', 'ทองคำ', 'มันส์ดี', 'คำ', '0000-00-00', '{"number":"2","mu":"4","village":"","alley":"","street":"","district":"5","amphur":"4","city":"1","zip":"10110"}', 10110, 1, 'chong@gmail.com', '084557811', '', '', '2017-03-07 14:10:42', 6, 0, 0),
(6, '2017-02-28 06:23:33', 'Mr.', 'ระยอง', 'ฮิฮฺ', 'ยองยอย', '0000-00-00', '{"number":"20","mu":"","village":"","alley":"","street":"","district":"","amphur":"","city":"64","zip":""}', 0, 64, NULL, '08884452265', NULL, '', '2017-02-28 06:23:33', 6, 0, 0),
(7, '2017-02-28 06:30:49', 'Mr.', 'เกียรติศักดิ์', 'สุรินทร์', 'ต้อม', '1988-02-02', '{"number":"18","mu":"10","village":"","alley":"","street":"","district":"\\u0e1a\\u0e32\\u0e07\\u0e19\\u0e32","amphur":"\\u0e1a\\u0e32\\u0e07\\u0e19\\u0e32","city":"1","zip":"10200"}', 10200, 1, 'goi.d@hotmail.com', '088362545', 'goiy', '1521012154', '2017-03-10 10:28:40', 6, 0, 0),
(8, '2017-03-03 14:32:50', 'Mr.', 'มีไหม', 'มีมั้ง', 'มั้ง', '1990-11-01', '{"number":"200","mu":"10","village":"","alley":"73","street":"\\u0e25\\u0e32\\u0e0b\\u0e32\\u0e25","district":"\\u0e1a\\u0e32\\u0e07\\u0e19\\u0e32","amphur":"\\u0e1a\\u0e32\\u0e19\\u0e32","city":"1","zip":"12000"}', 12000, 1, 'ms', '088567991', 'loidd', '1234567890123', '2017-03-11 09:15:18', 6, 0, 0),
(9, '2017-03-13 09:47:00', 'Ms.', 'วาสนา', 'อ้นประดิษฐ', '', '1987-12-01', '{"number":"31\\/1932","mu":"2","village":"","alley":"","street":"","district":"\\u0e04\\u0e25\\u0e2d\\u0e07\\u0e2a\\u0e32\\u0e21","amphur":"\\u0e04\\u0e25\\u0e2d\\u0e07\\u0e2b\\u0e25\\u0e27\\u0e07","city":"4","zip":"12120"}', 12120, 4, 'email@email.com', '0882267030', '', '3150400151891', '2017-03-20 16:54:26', 6, 0, 0),
(12, '2017-03-13 14:24:49', 'Mrs.', 'สุภาพร', 'รูปงาม', '', '0000-00-00', '{"number":"84\\/112","mu":"3","village":"","alley":"","street":"","district":"\\u0e1a\\u0e32\\u0e07\\u0e1e\\u0e39\\u0e19","amphur":"\\u0e40\\u0e21\\u0e37\\u0e2d\\u0e07","city":"4","zip":"12000"}', 12000, 4, '', '0814437485', '', '3840200224392', '2017-03-20 17:28:19', 6, 0, 0),
(13, '2017-03-21 14:22:11', 'Ms.', 'รุจิกาณจน์', 'มีแป้น', '', '0000-00-00', '{"number":"1003\\/101","mu":"","village":"","alley":"","street":"\\u0e1b\\u0e23\\u0e30\\u0e0a\\u0e32\\u0e0a\\u0e37\\u0e48\\u0e19","district":"\\u0e27\\u0e07\\u0e28\\u0e4c\\u0e2a\\u0e27\\u0e48\\u0e32\\u0e07","amphur":"\\u0e1a\\u0e32\\u0e07\\u0e0b\\u0e37\\u0e48\\u0e2d","city":"1","zip":"10800"}', 10800, 1, '', '0895004129', '', '110370019897', '2017-03-21 14:22:11', 6, 0, 0),
(14, '2017-03-21 17:16:23', 'Co', 'ทีซีแอ๊ดเวอร์ไทซิ่ง', '', '', '0000-00-00', '{"number":"","mu":"","village":"","alley":"","street":"","district":"","amphur":"","city":"64","zip":""}', 0, 64, '', '02-8742867', '', '', '2017-03-21 17:16:23', 6, 0, 0),
(15, '2017-03-21 17:28:42', 'Mrs.', 'แพรวนภา', ' แสงอรุณ', '', '0000-00-00', '{"number":"123\\/36","mu":"1","village":"","alley":"","street":"","district":"\\u0e1a\\u0e49\\u0e32\\u0e19\\u0e1b\\u0e17\\u0e38\\u0e21","amphur":"\\u0e2a\\u0e32\\u0e21\\u0e42\\u0e04\\u0e01","city":"4","zip":"12160"}', 12160, 4, '', '', '', '3100905294355', '2017-03-21 17:28:42', 6, 0, 0),
(16, '2017-03-22 09:45:12', 'Mrs.', 'พจวรรณ ', ' ศรีทองกุล', '', '0000-00-00', '{"number":"","mu":"","village":"","alley":"","street":"","district":"","amphur":"","city":"64","zip":""}', 0, 64, '', '095-5370867', '', '', '2017-03-22 09:45:12', 6, 0, 0),
(17, '2017-03-22 09:58:01', 'Mr.', 'คมกริช  ', 'หอมดี', '', '0000-00-00', '{"number":"107\\/404","mu":"1","village":"","alley":"","street":"","district":"\\u0e1a\\u0e32\\u0e07\\u0e02\\u0e30\\u0e41\\u0e22\\u0e07","amphur":"\\u0e40\\u0e21\\u0e37\\u0e2d\\u0e07","city":"4","zip":"12000"}', 12000, 4, '', '091-7725691', '', '3401400012512', '2017-03-22 09:58:01', 6, 0, 0),
(18, '2017-03-22 10:14:21', 'Mrs.', 'ณธษา ', 'มณีนิตย์', '', '0000-00-00', '{"number":"108\\/75","mu":"7","village":"","alley":"","street":"","district":"\\u0e1a\\u0e49\\u0e32\\u0e19\\u0e2a\\u0e23\\u0e49\\u0e32\\u0e07","amphur":"\\u0e1a\\u0e32\\u0e07\\u0e1b\\u0e30\\u0e2d\\u0e34\\u0e19","city":"4","zip":"13170"}', 13170, 4, '', '097-9814498', '', '3500100393225', '2017-03-22 10:14:21', 6, 0, 0),
(19, '2017-03-22 10:33:09', 'Mr.', 'จักรพงษ์  ', 'ทองโปร่ง', '', '0000-00-00', '{"number":"5","mu":"5","village":"","alley":"","street":"","district":"\\u0e02\\u0e19\\u0e2d\\u0e19\\u0e2b\\u0e25\\u0e27\\u0e07","amphur":"\\u0e1a\\u0e32\\u0e07\\u0e1b\\u0e30\\u0e2d\\u0e34\\u0e19","city":"5","zip":"13160"}', 13160, 5, '', '0918851234', '', '3140600257952', '2017-03-22 10:33:09', 6, 0, 0),
(20, '2017-03-22 10:40:31', 'Mrs.', 'อัมภัสชา', 'รังสิพราหมณกุล', '', '0000-00-00', '{"number":"","mu":"","village":"","alley":"","street":"37-41 \\u0e15\\u0e23\\u0e2d\\u0e01\\u0e42\\u0e1a\\u0e2a\\u0e16\\u0e4c\\u0e1e\\u0e23\\u0e32\\u0e2b\\u0e21\\u0e13\\u0e4c","district":"\\u0e40\\u0e2a\\u0e32\\u0e0a\\u0e34\\u0e07\\u0e0a\\u0e49\\u0e32","amphur":"\\u0e1e\\u0e23\\u0e30\\u0e19\\u0e04\\u0e23","city":"1","zip":"10200"}', 10200, 1, '', '085-5537957', '', '1103701159430', '2017-03-22 10:40:31', 6, 0, 0),
(21, '2017-03-22 10:49:29', 'Mr.', 'ภัทรชัย', 'แกล้วกล้า', '', '0000-00-00', '{"number":"148\\/33","mu":"","village":"\\u0e21\\u0e13\\u0e35\\u0e23\\u0e34\\u0e19\\u0e17\\u0e23\\u0e4c\\u0e1b\\u0e32\\u0e23\\u0e4c\\u0e042","alley":"","street":"","district":"\\u0e1a\\u0e49\\u0e32\\u0e19\\u0e01\\u0e25\\u0e32\\u0e07\\u0e2d","amphur":"\\u0e40\\u0e21\\u0e37\\u0e2d\\u0e07","city":"4","zip":"12000"}', 12000, 4, '', '089-2835325', '', '3540400609380', '2017-03-22 10:49:29', 6, 0, 0),
(22, '2017-03-22 10:58:11', 'Mr.', 'อิทธิพล', 'อาจศิริ', '', '0000-00-00', '{"number":"30\\/97","mu":"10","village":"","alley":"","street":"","district":"\\u0e25\\u0e32\\u0e14\\u0e2a\\u0e27\\u0e32\\u0e22","amphur":"\\u0e25\\u0e33\\u0e25\\u0e39\\u0e01\\u0e01\\u0e32","city":"4","zip":"12150"}', 12150, 4, '', '085-2246639', '', '3440100863818', '2017-03-22 10:58:11', 6, 0, 0),
(23, '2017-03-22 11:06:42', 'Ms.', 'วราภรณ์', ' กาญจนเคหะ', '', '0000-00-00', '{"number":"88\\/106","mu":"6","village":"","alley":"","street":"","district":"\\u0e04\\u0e39\\u0e1a\\u0e32\\u0e07\\u0e2b\\u0e25\\u0e27\\u0e07","amphur":"\\u0e25\\u0e32\\u0e14\\u0e2b\\u0e25\\u0e38\\u0e21\\u0e41\\u0e01\\u0e49\\u0e27","city":"4","zip":"12140"}', 12140, 4, '', '085-487598', '', '3710100966222', '2017-03-22 11:06:42', 6, 0, 0),
(24, '2017-03-22 11:17:18', 'Mr.', 'ดินทร์', 'ภูสนิท', '', '0000-00-00', '{"number":"55\\/434","mu":"","village":"","alley":"","street":"","district":"\\u0e04\\u0e25\\u0e2d\\u0e07\\u0e2b\\u0e19\\u0e36\\u0e48\\u0e07","amphur":"\\u0e04\\u0e25\\u0e2d\\u0e07\\u0e2b\\u0e25\\u0e27\\u0e07","city":"4","zip":"12120"}', 12120, 4, '', '093-1191963', '', '1461400032045', '2017-03-22 11:17:18', 6, 0, 0),
(25, '2017-03-22 11:23:22', 'Mrs.', 'จำนงค์', 'สุขทรัพย์ศรี', '', '0000-00-00', '{"number":"1\\/4","mu":"5","village":"","alley":"","street":"","district":"\\u0e04\\u0e25\\u0e2d\\u0e07\\u0e2a\\u0e35\\u0e48","amphur":"\\u0e43\\u0e04\\u0e25\\u0e2d\\u0e07\\u0e2b\\u0e25\\u0e27\\u0e07","city":"4","zip":"12120"}', 12120, 4, '', '089-7644133', '', '3130200431904', '2017-03-22 11:23:22', 6, 0, 0),
(26, '2017-03-22 11:34:28', 'Co', 'เอ็มเอสอีเซนเตอร์ จำ', '', '', '0000-00-00', '{"number":"281\\/87","mu":"","village":"","alley":"","street":"\\u0e27\\u0e34\\u0e20\\u0e32\\u0e27\\u0e14\\u0e35\\u0e23\\u0e31\\u0e07\\u0e2a\\u0e34\\u0e15","district":"\\u0e2a\\u0e19\\u0e32\\u0e21\\u0e1a\\u0e34\\u0e19","amphur":"\\u0e14\\u0e2d\\u0e19\\u0e40\\u0e21\\u0e37\\u0e2d\\u0e07","city":"4","zip":"10210"}', 10210, 4, '', '093-0316292', '', '0105553046881', '2017-03-22 11:34:28', 6, 0, 0),
(27, '2017-03-22 11:34:29', 'Co', 'เอ็มเอสอีเซนเตอร์ จำ', '', '', '0000-00-00', '{"number":"281\\/87","mu":"","village":"","alley":"","street":"\\u0e27\\u0e34\\u0e20\\u0e32\\u0e27\\u0e14\\u0e35\\u0e23\\u0e31\\u0e07\\u0e2a\\u0e34\\u0e15","district":"\\u0e2a\\u0e19\\u0e32\\u0e21\\u0e1a\\u0e34\\u0e19","amphur":"\\u0e14\\u0e2d\\u0e19\\u0e40\\u0e21\\u0e37\\u0e2d\\u0e07","city":"4","zip":"10210"}', 10210, 4, '', '093-0316292', '', '0105553046881', '2017-03-22 11:34:29', 6, 0, 0),
(28, '2017-03-22 11:42:41', 'Ms.', 'กชกร', 'ชมพิกุล', '', '0000-00-00', '{"number":"114\\/24","mu":"2","village":"","alley":"","street":"","district":"\\u0e1a\\u0e32\\u0e07\\u0e02\\u0e30\\u0e41\\u0e22\\u0e07","amphur":"\\u0e40\\u0e21\\u0e37\\u0e2d\\u0e07","city":"4","zip":"12000"}', 12000, 4, '', '061-6541809', '', '1130701455390', '2017-03-22 11:42:41', 6, 0, 0),
(29, '2017-03-22 11:49:37', 'Mrs.', 'จันทร์ธิดา', 'พงศ์อภิรักษกุล', '', '0000-00-00', '{"number":"42\\/56","mu":"1","village":"","alley":"","street":"","district":"\\u0e04\\u0e25\\u0e2d\\u0e07\\u0e2b\\u0e01","amphur":"\\u0e04\\u0e25\\u0e2d\\u0e07\\u0e2b\\u0e25\\u0e27\\u0e07","city":"4","zip":"12120"}', 12120, 4, '', '0866233156', '', '', '2017-03-22 11:49:37', 6, 0, 0),
(30, '2017-03-22 12:03:08', 'Mrs.', 'ศรีเมือง', ' พลังฤทธ์', '', '0000-00-00', '{"number":"99\\/31","mu":"2","village":"","alley":"","street":"","district":"\\u0e04\\u0e25\\u0e2d\\u0e07\\u0e2b\\u0e19\\u0e36\\u0e48\\u0e07","amphur":"\\u0e04\\u0e25\\u0e2d\\u0e07\\u0e2b\\u0e25\\u0e27\\u0e07 ","city":"4","zip":"12120"}', 12120, 4, '', '081-3075189', '', '3102200834181', '2017-03-22 12:03:08', 6, 0, 0),
(32, '2017-03-22 12:28:22', 'Mr.', 'ธวัฒน์', ' สุรวัฒนวิเศษ', '', '0000-00-00', '{"number":"20\\/72","mu":"2","village":"","alley":"","street":"","district":"\\u0e1a\\u0e36\\u0e07\\u0e22\\u0e35\\u0e48\\u0e42\\u0e16\\u0e48 ","amphur":"\\u0e18\\u0e31\\u0e0d\\u0e1a\\u0e38\\u0e23\\u0e35 ","city":"4","zip":"12130"}', 12130, 4, '', '083-0603772', '', '313990012821', '2017-03-22 12:28:22', 6, 0, 0),
(39, '2017-03-22 13:41:01', 'Ms.', 'ศิริกัญญา', 'ผดุงผล', '', '0000-00-00', '{"number":"90\\/204","mu":"\\u0e386","village":"","alley":"","street":"","district":"\\u0e25\\u0e32\\u0e14\\u0e2a\\u0e27\\u0e32\\u0e22","amphur":"\\u0e25\\u0e32\\u0e14\\u0e2a\\u0e27\\u0e32\\u0e22","city":"4","zip":"12150"}', 12150, 4, '', '092-4944024', '', '1103001940201', '2017-03-22 13:41:01', 6, 0, 0),
(40, '2017-03-22 13:53:24', 'Mr.', 'ทรรศนพงษ์', 'ดาพิน', '', '0000-00-00', '{"number":"102\\/1274 ","mu":"3","village":"","alley":"","street":"","district":"\\u0e01\\u0e23\\u0e30\\u0e0a\\u0e07","amphur":"\\u0e2a\\u0e32\\u0e21\\u0e42\\u0e04\\u0e01","city":"4","zip":"12160"}', 12160, 4, '', '085-0738248', '', '3670700835198', '2017-03-22 13:53:24', 6, 0, 0),
(41, '2017-03-22 14:02:19', 'Mr.', 'ชนพัฒน์', 'แสงงาม', '', '0000-00-00', '{"number":"37\\/781","mu":"4","village":"","alley":"","street":"","district":"\\u0e1a\\u0e49\\u0e32\\u0e19\\u0e43\\u0e2b\\u0e21\\u0e48","amphur":"\\u0e40\\u0e21\\u0e37\\u0e2d\\u0e07","city":"4","zip":"12000"}', 12000, 4, '', '061-8199555', '', '1340700268508', '2017-03-22 14:02:19', 6, 0, 0),
(50, '2017-03-22 14:10:06', 'Mr.', 'เสรี', 'ศุภกำเนิด', '', '0000-00-00', '{"number":"102\\/264","mu":"3","village":"","alley":"","street":"","district":"\\u0e01\\u0e23\\u0e30\\u0e41\\u0e0a\\u0e07","amphur":"\\u0e40\\u0e21\\u0e37\\u0e2d\\u0e07","city":"4","zip":"12000"}', 12000, 4, '', '081-2954358', '', '3179900040990', '2017-03-22 14:10:06', 6, 0, 0),
(51, '2017-03-22 14:17:25', 'Mr.', 'เกรียงไกร', ' จำปา', '', '0000-00-00', '{"number":"47\\/13","mu":"","village":"","alley":"","street":"","district":"\\u0e1b\\u0e32\\u0e01\\u0e01\\u0e23\\u0e32\\u0e19","amphur":"\\u0e1e\\u0e23\\u0e30\\u0e19\\u0e04\\u0e23\\u0e28\\u0e23\\u0e35\\u0e2d\\u0e22\\u0e38\\u0e18\\u0e22\\u0e32","city":"5","zip":"13000"}', 13000, 5, '', '088-3292600', '', '3140100507828', '2017-03-22 14:17:25', 6, 0, 0),
(52, '2017-03-22 14:37:10', 'Mr.', 'สิทธิพงษ์', 'ธูปน้ำคำ', '', '0000-00-00', '{"number":"68\\/2","mu":"3","village":"","alley":"","street":"","district":"\\u0e0a\\u0e49\\u0e32\\u0e07\\u0e43\\u0e2b\\u0e0d\\u0e48","amphur":"\\u0e1a\\u0e32\\u0e07\\u0e44\\u0e17\\u0e23","city":"5","zip":"13290"}', 13290, 5, '', '099-8253136', '', '1451100161494', '2017-03-22 14:37:10', 6, 0, 0),
(53, '2017-03-22 14:55:40', 'Mr.', 'ธงชัย', 'ว่องไวไพศาล', '', '0000-00-00', '{"number":"","mu":"","village":"","alley":"","street":"15 \\u0e0b.\\u0e42\\u0e01\\u0e2a\\u0e38\\u0e21\\u0e23\\u0e27\\u0e21\\u0e43\\u0e08 37 \\u0e41\\u0e22\\u0e01 7","district":"\\u0e14\\u0e2d\\u0e19\\u0e40\\u0e21\\u0e37\\u0e2d\\u0e07","amphur":"\\u0e14\\u0e2d\\u0e19\\u0e40\\u0e21\\u0e37\\u0e2d\\u0e07","city":"1","zip":"10210"}', 10210, 1, '', '085-4464000', '', '3729800051048', '2017-03-22 14:55:40', 6, 0, 0),
(54, '2017-03-22 15:14:45', 'Ms.', 'สุนันทา', 'สตย์ซื่อ', '', '0000-00-00', '{"number":"24 ","mu":"7","village":"","alley":"","street":"","district":"\\u0e1a\\u0e48\\u0e2d\\u0e40\\u0e07\\u0e34\\u0e19","amphur":"\\u0e25\\u0e32\\u0e14\\u0e2b\\u0e25\\u0e38\\u0e21\\u0e41\\u0e01\\u0e49\\u0e27","city":"4","zip":"12140"}', 12140, 4, '', '094-4098110', '', '3130500314237', '2017-03-22 15:14:45', 6, 0, 0),
(55, '2017-03-22 15:23:09', 'Mr.', 'เอนก', 'นิจันทึก', '', '0000-00-00', '{"number":"9\\/7","mu":"8","village":"","alley":"","street":"","district":"\\u0e04\\u0e25\\u0e2d\\u0e07\\u0e2b\\u0e19\\u0e36\\u0e48\\u0e07","amphur":"\\u0e04\\u0e25\\u0e2d\\u0e07\\u0e2b\\u0e25\\u0e27\\u0e07","city":"4","zip":"12120"}', 12120, 4, '', '095-5389596', '', '1302100041300', '2017-03-22 15:23:09', 6, 0, 0),
(56, '2017-03-22 15:34:12', 'Ms.', 'นารีทิพย์', 'จิราพงษ์', '', '0000-00-00', '{"number":"","mu":"","village":"16\\/86 \\u0e21\\u0e1a.\\u0e1e\\u0e24\\u0e01\\u0e29\\u0e32 52\\/1","alley":"","street":"","district":"\\u0e04\\u0e25\\u0e2d\\u0e07\\u0e2b\\u0e19\\u0e36\\u0e48\\u0e07","amphur":"\\u0e04\\u0e25\\u0e2d\\u0e07\\u0e2b\\u0e25\\u0e27\\u0e07","city":"4","zip":"12120"}', 12120, 4, '', '091-7311919', '', '3100202916697', '2017-03-22 15:34:12', 6, 0, 0),
(57, '2017-03-22 15:44:16', 'Mr.', 'วรุต', ' สีแสง', '', '0000-00-00', '{"number":"","mu":"","village":"","alley":"","street":"","district":"","amphur":"","city":"64","zip":""}', 0, 64, '', '095-7718365', '', '', '2017-03-22 15:44:16', 6, 0, 0),
(59, '2017-03-22 15:50:18', 'Mr.', 'นิเทศ', ' กันเกษพิมพ์', '', '0000-00-00', '{"number":"38 ","mu":"2","village":"","alley":"","street":"","district":"\\u0e2b\\u0e25\\u0e31\\u0e01\\u0e2b\\u0e01","amphur":"\\u0e40\\u0e21\\u0e37\\u0e2d\\u0e07","city":"4","zip":"12000"}', 12000, 4, '', '089-4564974', '', '3130100491131', '2017-03-22 15:50:18', 6, 0, 0),
(60, '2017-03-22 16:18:40', 'Ms.', 'ติณณามินทร์', 'งามศักดิ์', '', '0000-00-00', '{"number":"","mu":"","village":"","alley":"","street":"","district":"","amphur":"","city":"64","zip":""}', 0, 64, '', '085-2616617', '', '', '2017-03-22 16:18:40', 6, 0, 0),
(61, '2017-03-22 16:31:32', 'Mr.', 'สังวาลย์', 'สุธรรม', '', '0000-00-00', '{"number":"64","mu":"5","village":"","alley":"","street":"","district":"\\u0e01\\u0e30\\u0e1a\\u0e01\\u0e40\\u0e15\\u0e35\\u0e49\\u0e22","amphur":"\\u0e40\\u0e19\\u0e34\\u0e19\\u0e02\\u0e32\\u0e21","city":"9","zip":"17130"}', 17130, 9, '', '090-3877500', '', '3180600386612', '2017-03-22 16:31:32', 6, 0, 0),
(62, '2017-03-22 16:36:38', 'Mr.', 'กฤษณะ', ' คารวรัตนพิเชฐ', '', '0000-00-00', '{"number":"19\\/78","mu":"8","village":"","alley":"","street":"","district":"\\u0e43\\u0e04\\u0e25\\u0e2d\\u0e07\\u0e2b\\u0e19\\u0e36\\u0e48\\u0e07","amphur":"\\u0e04\\u0e25\\u0e2d\\u0e07\\u0e2b\\u0e25\\u0e27\\u0e07","city":"4","zip":"12120"}', 12120, 4, '', '087-6664441', '', '13960242417', '2017-03-22 16:36:38', 6, 0, 0),
(63, '2017-03-22 16:41:36', 'Ms.', 'ถิรารัตน์', 'บุญทรง', '', '0000-00-00', '{"number":"105\\/406","mu":"1","village":"","alley":"","street":"","district":"\\u0e1e\\u0e25\\u0e39\\u0e15\\u0e32\\u0e2b\\u0e25\\u0e27\\u0e07","amphur":"\\u0e2a\\u0e31\\u0e15\\u0e2b\\u0e35\\u0e1a","city":"11","zip":"20180"}', 20180, 11, '', '081-8168907', '', '3801000169755', '2017-03-22 16:41:36', 6, 0, 0),
(65, '2017-03-22 16:45:09', 'Mr.', 'มานะ', ' ยุระยาติ', '', '0000-00-00', '{"number":"","mu":"","village":"","alley":"","street":"","district":"","amphur":"","city":"64","zip":""}', 0, 64, '', '088-8468416', '', '', '2017-03-22 16:45:09', 6, 0, 0),
(67, '2017-03-22 16:50:02', 'Ms.', 'สุกัญญา', 'ชื่นไสว', '', '0000-00-00', '{"number":"20","mu":"2","village":"","alley":"","street":"","district":"\\u0e1a\\u0e36\\u0e07\\u0e1a\\u0e2d\\u0e19\\u0e1e\\u0e31\\u0e12\\u0e19\\u0e32","amphur":"\\u0e2b\\u0e19\\u0e2d\\u0e07\\u0e40\\u0e2a\\u0e37\\u0e2d","city":"4","zip":"12170"}', 12170, 4, '', '092-8135580', '', '1130400055501', '2017-03-22 16:50:02', 6, 0, 0),
(68, '2017-03-22 16:54:24', 'Mr.', 'วิกรม', ' ศรีสุรกานต์', '', '0000-00-00', '{"number":"","mu":"","village":"","alley":"","street":"","district":"","amphur":"","city":"64","zip":""}', 0, 64, '', '090-9311584', '', '1102000358320', '2017-03-22 16:54:24', 6, 0, 0),
(70, '2017-03-22 16:57:26', 'Ms.', 'เจียน', 'เซีย', '', '0000-00-00', '{"number":"","mu":"","village":"","alley":"","street":"","district":"","amphur":"","city":"64","zip":""}', 0, 64, '', '', '', '', '2017-03-22 16:57:26', 6, 0, 0),
(71, '2017-03-22 17:04:09', 'Mr.', 'เอกพล', '  สีเนียม', '', '0000-00-00', '{"number":"66\\/23","mu":"","village":"","alley":"","street":"\\u0e01\\u0e32\\u0e0d\\u0e08\\u0e19\\u0e32\\u0e20\\u0e34\\u0e40\\u0e29\\u0e01","district":"\\u0e14\\u0e2d\\u0e01\\u0e44\\u0e21\\u0e49","amphur":"\\u0e1b\\u0e23\\u0e30\\u0e40\\u0e27\\u0e28","city":"1","zip":"10250"}', 10250, 1, '', '088-6209368', '', '1101400034016', '2017-03-22 17:04:09', 6, 0, 0),
(72, '2017-03-22 17:04:10', 'Mr.', 'เอกพล', '  สีเนียม', '', '0000-00-00', '{"number":"66\\/23","mu":"","village":"","alley":"","street":"\\u0e01\\u0e32\\u0e0d\\u0e08\\u0e19\\u0e32\\u0e20\\u0e34\\u0e40\\u0e29\\u0e01","district":"\\u0e14\\u0e2d\\u0e01\\u0e44\\u0e21\\u0e49","amphur":"\\u0e1b\\u0e23\\u0e30\\u0e40\\u0e27\\u0e28","city":"1","zip":"10250"}', 10250, 1, '', '088-6209368', '', '1101400034016', '2017-03-22 17:04:10', 6, 0, 0),
(74, '2017-03-22 17:09:44', 'Mr.', 'ธัชเดช', 'ภพชนกนันท์', '', '0000-00-00', '{"number":"15\\/6 ","mu":"","village":"","alley":"","street":"\\u0e1b\\u0e17\\u0e38\\u0e21\\u0e2a\\u0e31\\u0e21\\u0e1e\\u0e31\\u0e19\\u0e18\\u0e4c","district":"\\u0e1a\\u0e32\\u0e07\\u0e1b\\u0e23\\u0e2d\\u0e01","amphur":"\\u0e40\\u0e21\\u0e37\\u0e2d\\u0e07","city":"4","zip":"12000"}', 12000, 4, '', '085-0579631', '', '1100800707572', '2017-03-22 17:09:44', 6, 0, 0),
(75, '2017-03-22 17:12:57', 'Mr.', 'สมุน', 'หาญวีระ', '', '0000-00-00', '{"number":"","mu":"","village":"","alley":"","street":"","district":"","amphur":"","city":"64","zip":""}', 0, 64, '', '081-9205363', '', '', '2017-03-22 17:12:57', 6, 0, 0),
(77, '2017-03-22 17:16:34', 'Ms.', 'นงนภัส', 'บุญเอนก', '', '0000-00-00', '{"number":"27","mu":"","village":"","alley":"","street":"","district":"\\u0e17\\u0e48\\u0e32\\u0e17\\u0e23\\u0e32\\u0e22 ","amphur":"\\u0e40\\u0e21\\u0e37\\u0e2d\\u0e07","city":"3","zip":"11000"}', 11000, 3, '', '081-9255451', '', '', '2017-03-22 17:16:34', 6, 0, 0),
(78, '2017-03-22 17:21:57', 'Mr.', 'นันทรัตน์', 'พรหมสุขันธ์', '', '0000-00-00', '{"number":"","mu":"","village":"","alley":"","street":"","district":"","amphur":"","city":"64","zip":""}', 0, 64, '', '087-0402281', '', '1741300038530', '2017-03-22 17:21:57', 6, 0, 0),
(80, '2017-03-22 17:26:09', 'Mr.', 'อารมย์', 'อรุณแก้วแจ่มศรี', '', '0000-00-00', '{"number":"","mu":"","village":"","alley":"","street":"","district":"","amphur":"","city":"64","zip":""}', 0, 64, '', '096-4392237', '', '', '2017-03-22 17:26:09', 6, 0, 0),
(81, '2017-03-22 17:30:55', 'Mrs.', 'บุญปลูก', 'จันยกาย', '', '0000-00-00', '{"number":"555\\/5","mu":"5","village":"","alley":"","street":"","district":"\\u0e1e\\u0e30\\u0e22\\u0e2d\\u0e21","amphur":"\\u0e27\\u0e31\\u0e07\\u0e19\\u0e49\\u0e2d\\u0e22","city":"5","zip":"13170"}', 13170, 5, '', '099-2868016', '', '3100602772528', '2017-03-22 17:30:55', 6, 0, 0),
(83, '2017-03-22 17:37:31', 'Mrs.', 'ชลพรรณ', ' เก่าเงิน', '', '0000-00-00', '{"number":"191\\/4 ","mu":"8","village":"","alley":"","street":"","district":"\\u0e1a\\u0e49\\u0e32\\u0e19\\u0e41\\u0e2b\\u0e25\\u0e21","amphur":"\\u0e1a\\u0e49\\u0e32\\u0e19\\u0e41\\u0e2b\\u0e25\\u0e21","city":"61","zip":"76110"}', 76110, 61, '', '081-7455525', '', '3100201642861', '2017-03-22 17:37:31', 6, 0, 0),
(85, '2017-03-22 17:46:51', 'Ms.', 'น้ำฝน', 'มีสอน', '', '0000-00-00', '{"number":"","mu":"","village":"","alley":"","street":"","district":"","amphur":"","city":"64","zip":""}', 0, 64, '', '080-5605522', '', '3530300427778', '2017-03-22 17:46:51', 6, 0, 0),
(86, '2017-03-22 17:53:39', 'Ms.', 'ชญาญ์พัตท์', 'ไกรยงค์ธนิกกุล', '', '0000-00-00', '{"number":"711\\/159","mu":"","village":"","alley":"","street":"\\u0e23\\u0e31\\u0e07\\u0e2a\\u0e34\\u0e15\\u0e1b\\u0e17\\u0e38\\u0e21","district":"\\u0e1b\\u0e23\\u0e30\\u0e0a\\u0e32\\u0e18\\u0e34\\u0e1b\\u0e31\\u0e15\\u0e22\\u0e4c","amphur":"\\u0e18\\u0e31\\u0e0d\\u0e1a\\u0e38\\u0e23\\u0e35","city":"4","zip":"12130 "}', 12130, 4, '', '081-7788456', '', '1909800324518', '2017-03-22 17:53:39', 6, 0, 0),
(88, '2017-03-22 18:11:17', 'Ms.', 'วรรณวราห์', 'เรืองเดชา', '', '0000-00-00', '{"number":"437\\/86 ","mu":"","village":"","alley":"\\u0e1e\\u0e2b\\u0e25\\u0e42\\u0e22\\u0e18\\u0e34\\u0e19 50 \\u0e41\\u0e22\\u0e01 11-15","street":"","district":"\\u0e04\\u0e25\\u0e2d\\u0e07\\u0e16\\u0e19\\u0e19 ","amphur":"\\u0e2a\\u0e32\\u0e22\\u0e44\\u0e2b\\u0e21","city":"1","zip":"10220"}', 10220, 1, '', '089-9193299', '', '', '2017-03-22 18:11:17', 6, 0, 0),
(89, '2017-03-22 20:39:17', 'Mr.', 'วิวัฒน์', 'มูลแก้ว', '', '0000-00-00', '{"number":"","mu":"","village":"","alley":"","street":"","district":"","amphur":"","city":"64","zip":""}', 0, 64, '', '097-0018387', '', '', '2017-03-22 20:39:17', 6, 0, 0),
(90, '2017-03-22 20:45:44', 'Ms.', 'สุนิตรา', 'สงวนศักดิ์', '', '0000-00-00', '{"number":"3\\/357","mu":"","village":"","alley":"","street":"\\u0e1b\\u0e4a\\u0e2d\\u0e1a\\u0e1b\\u0e39\\u0e25\\u0e48\\u0e32 ","district":"\\u0e1a\\u0e32\\u0e07\\u0e1e\\u0e39\\u0e14","amphur":"\\u0e1b\\u0e32\\u0e01\\u0e40\\u0e01\\u0e23\\u0e47\\u0e14","city":"3","zip":"11120"}', 11120, 3, '', '081-6829452', '', '', '2017-03-22 20:45:44', 6, 0, 0),
(91, '2017-03-22 20:48:54', 'Ms.', 'กุลปรียา', 'ชาวกำแพง', '', '0000-00-00', '{"number":"","mu":"","village":"","alley":"","street":"","district":"","amphur":"","city":"64","zip":""}', 0, 64, '', '081-3036739', '', '', '2017-03-22 20:48:54', 6, 0, 0),
(92, '2017-03-22 20:53:12', 'Mr.', 'ไชยยันต์ ', 'เจริญนา', '', '0000-00-00', '{"number":"8\\/1","mu":"4 ","village":"","alley":"","street":"","district":"\\u0e1a\\u0e49\\u0e32\\u0e19\\u0e01\\u0e25\\u0e32\\u0e07 ","amphur":"\\u0e40\\u0e21\\u0e37\\u0e2d\\u0e07","city":"4","zip":"12000"}', 12000, 4, '', '094-6801177', '', '3130100563086', '2017-03-22 20:53:12', 6, 0, 0),
(93, '2017-03-22 20:57:26', 'Ms.', 'ลัดดา', 'ปั้นปล้อง', '', '0000-00-00', '{"number":"111\\/377","mu":"3","village":"","alley":"","street":"","district":"\\u0e1e\\u0e34\\u0e21\\u0e25\\u0e23\\u0e32\\u0e0a","amphur":"\\u0e1a\\u0e32\\u0e07\\u0e1a\\u0e31\\u0e27\\u0e17\\u0e2d\\u0e07","city":"3","zip":"111110"}', 111110, 3, '', '092-8835529', '', '1720100001621', '2017-03-22 20:57:26', 6, 0, 0),
(95, '2017-03-23 09:42:38', 'Ms.', 'สุรีย์', 'ตะวิภพ', '', '0000-00-00', '{"number":"9\\/296","mu":"5","village":"","alley":"","street":"","district":"\\u0e41\\u0e1e\\u0e23\\u0e01\\u0e29\\u0e32\\u0e43\\u0e2b\\u0e21\\u0e48","amphur":"\\u0e40\\u0e21\\u0e37\\u0e2d\\u0e07","city":"2","zip":"10280"}', 10280, 2, '', '087-1135049', '', '3110101219711', '2017-03-23 09:42:38', 6, 0, 0),
(97, '2017-03-23 09:49:21', 'Ms.', 'จุฬาพรรณ', 'กิริณี', '', '0000-00-00', '{"number":"","mu":"","village":"","alley":"","street":"","district":"","amphur":"","city":"64","zip":""}', 0, 64, '', '081-3504327', '', '', '2017-03-23 09:49:21', 6, 0, 0),
(98, '2017-03-23 09:53:59', 'Ms.', 'สุนันทา', 'เพชรวิจิตร', '', '0000-00-00', '{"number":"","mu":"","village":"","alley":"","street":"","district":"","amphur":"","city":"64","zip":""}', 0, 64, '', '081-9033816', '', '', '2017-03-23 09:53:59', 6, 0, 0),
(100, '2017-03-23 09:57:55', 'Ms.', 'จุฑามาศ', 'พลจันทึก', '', '0000-00-00', '{"number":"","mu":"","village":"","alley":"","street":"","district":"","amphur":"","city":"","zip":""}', 0, 0, '', '080-6191481', '', '', '2017-03-28 02:42:17', 6, 0, 0),
(102, '2017-03-23 10:11:20', 'Ms.', 'ฉัตรสิรินทร์', 'เสริฐวาสนา', '', '0000-00-00', '{"number":"95","mu":"8","village":"","alley":"","street":"","district":"\\u0e04\\u0e25\\u0e2d\\u0e07\\u0e2b\\u0e19\\u0e36\\u0e48\\u0e07","amphur":"\\u0e04\\u0e25\\u0e2d\\u0e07\\u0e2b\\u0e25\\u0e27\\u0e07 ","city":"4","zip":"12120"}', 12120, 4, '', '031-7029963', '', '5670500103823', '2017-03-23 10:11:20', 6, 0, 0),
(104, '2017-03-23 10:17:09', 'Mr.', 'ณรงค์', 'สมิตทันต์', '', '0000-00-00', '{"number":"","mu":"","village":"","alley":"","street":"","district":"","amphur":"","city":"64","zip":""}', 0, 64, '', '096-8908353', '', '', '2017-03-23 10:17:09', 6, 0, 0),
(106, '2017-03-23 10:29:32', 'Ms.', 'อาภาณีย์', ' เสมรสุต', '', '0000-00-00', '{"number":"","mu":"","village":"","alley":"","street":"","district":"","amphur":"","city":"64","zip":""}', 0, 64, '', '081-5737122', '', '', '2017-03-23 10:29:32', 6, 0, 0),
(107, '2017-03-23 10:36:46', 'Mr.', 'ชูชีพ', 'พ่วงทอง', '', '0000-00-00', '{"number":"","mu":"","village":"","alley":"","street":"","district":"","amphur":"","city":"64","zip":""}', 0, 64, '', '091-7789763', '', '', '2017-03-23 10:36:46', 6, 0, 0),
(109, '2017-03-23 10:41:33', 'Mr.', 'ธนา', ' เพชรนก', '', '0000-00-00', '{"number":"","mu":"","village":"","alley":"","street":"","district":"","amphur":"","city":"64","zip":""}', 0, 64, '', '095-9823655', '', '', '2017-03-23 10:41:33', 6, 0, 0),
(110, '2017-03-23 10:45:30', 'Mr.', 'ไพรัต', 'ดานวล', '', '0000-00-00', '{"number":"","mu":"","village":"","alley":"","street":"","district":"","amphur":"","city":"64","zip":""}', 0, 64, '', '083-4461778', '', '', '2017-03-23 10:45:30', 6, 0, 0),
(111, '2017-03-23 10:54:17', 'Ms.', 'ศศิธร', 'หงษ์นาค', '', '0000-00-00', '{"number":"70\\/1","mu":"9","village":"","alley":"","street":"","district":"\\u0e2b\\u0e31\\u0e27\\u0e23\\u0e2d","amphur":"\\u0e1e\\u0e23\\u0e30\\u0e19\\u0e04\\u0e23\\u0e28\\u0e23\\u0e35\\u0e2d\\u0e22\\u0e38\\u0e18\\u0e22\\u0e32","city":"5","zip":"13000"}', 13000, 5, '', '098-3877500', '', '1149900132430', '2017-03-23 10:54:17', 6, 0, 0),
(113, '2017-03-23 11:01:57', 'Ms.', 'รุ่งนภา', 'ขุนเพชร', '', '0000-00-00', '{"number":"13","mu":"","village":"","alley":"","street":"","district":"\\u0e27\\u0e31\\u0e07\\u0e2b\\u0e25\\u0e38\\u0e21","amphur":"\\u0e27\\u0e31\\u0e07\\u0e2b\\u0e25\\u0e38\\u0e21","city":"53","zip":" 66110"}', 66110, 53, '', '098-3877500', '', '1660800057611', '2017-03-23 11:01:57', 6, 0, 0),
(115, '2017-03-23 11:04:39', 'Mr.', 'ทวี', 'ทองทา', '', '0000-00-00', '{"number":"","mu":"","village":"","alley":"","street":"","district":"","amphur":"","city":"64","zip":""}', 0, 64, '', '087-7936498', '', '', '2017-03-23 11:04:39', 6, 0, 0),
(116, '2017-03-23 11:07:41', 'Mr.', 'ปิยวัฒน์', 'อุณหโชติ', '', '0000-00-00', '{"number":"","mu":"","village":"","alley":"","street":"","district":"","amphur":"","city":"64","zip":""}', 0, 64, '', '081-2684587', '', '', '2017-03-23 11:07:41', 6, 0, 0),
(117, '2017-03-23 11:10:56', 'Ms.', 'อริศรา', 'วัฒนเกริก', '', '0000-00-00', '{"number":"","mu":"","village":"","alley":"","street":"","district":"","amphur":"","city":"64","zip":""}', 0, 64, '', '093-6849990', '', '', '2017-03-23 11:10:56', 6, 0, 0),
(118, '2017-03-23 11:13:11', 'Ms.', 'สุนี', 'เปล่งปลง', '', '0000-00-00', '{"number":"","mu":"","village":"","alley":"","street":"","district":"","amphur":"","city":"64","zip":""}', 0, 64, '', '085-6770581', '', '', '2017-03-23 11:13:11', 6, 0, 0),
(119, '2017-03-23 11:13:12', 'Ms.', 'สุนี', 'เปล่งปลง', '', '0000-00-00', '{"number":"","mu":"","village":"","alley":"","street":"","district":"","amphur":"","city":"64","zip":""}', 0, 64, '', '085-6770581', '', '', '2017-03-23 11:13:12', 6, 0, 0),
(120, '2017-03-23 11:18:24', 'Ms.', 'ภัณทิรา', 'บูรณะสัมฤทธิ์', '', '0000-00-00', '{"number":"","mu":"","village":"","alley":"","street":"","district":"","amphur":"","city":"64","zip":""}', 0, 64, '', '081-3504236', '', '', '2017-03-23 11:18:24', 6, 0, 0),
(121, '2017-03-23 11:18:25', 'Ms.', 'ภัณทิรา', 'บูรณะสัมฤทธิ์', '', '0000-00-00', '{"number":"","mu":"","village":"","alley":"","street":"","district":"","amphur":"","city":"64","zip":""}', 0, 64, '', '081-3504236', '', '', '2017-03-23 11:18:25', 6, 0, 0),
(122, '2017-03-23 11:34:06', 'Ms.', 'สุวรรณี', 'พรหมงาม', '', '0000-00-00', '{"number":"","mu":"","village":"","alley":"","street":"","district":"","amphur":"","city":"64","zip":""}', 0, 64, '', '087-9997667', '', '', '2017-03-23 11:34:06', 6, 0, 0),
(123, '2017-03-23 11:34:07', 'Ms.', 'สุวรรณี', 'พรหมงาม', '', '0000-00-00', '{"number":"","mu":"","village":"","alley":"","street":"","district":"","amphur":"","city":"64","zip":""}', 0, 64, '', '087-9997667', '', '', '2017-03-23 11:34:07', 6, 0, 0),
(124, '2017-03-23 11:40:49', 'Ms.', 'พรทิพย์', 'คณที', '', '0000-00-00', '{"number":"","mu":"","village":"","alley":"","street":"","district":"","amphur":"","city":"64","zip":""}', 0, 64, '', '087-9666013', '', '', '2017-03-23 11:40:49', 6, 0, 0),
(125, '2017-03-23 11:40:50', 'Ms.', 'พรทิพย์', 'คณที', '', '0000-00-00', '{"number":"","mu":"","village":"","alley":"","street":"","district":"","amphur":"","city":"64","zip":""}', 0, 64, '', '087-9666013', '', '', '2017-03-23 11:40:50', 6, 0, 0),
(126, '2017-03-23 11:46:22', 'Mr.', 'ภานุชนารถ', 'ร้อนบิลา', '', '0000-00-00', '{"number":"","mu":"","village":"","alley":"","street":"","district":"","amphur":"","city":"64","zip":""}', 0, 64, '', '097-0239011', '', '', '2017-03-23 11:46:22', 6, 0, 0),
(127, '2017-03-23 11:55:42', 'Mr.', 'ภูวเดช', 'แก้วจิรกุลศรี', '', '0000-00-00', '{"number":"","mu":"","village":"","alley":"","street":"","district":"","amphur":"","city":"64","zip":""}', 0, 64, '', '097-124353', '', '', '2017-03-23 11:55:42', 6, 0, 0),
(128, '2017-03-23 11:55:43', 'Mr.', 'ภูวเดช', 'แก้วจิรกุลศรี', '', '0000-00-00', '{"number":"","mu":"","village":"","alley":"","street":"","district":"","amphur":"","city":"64","zip":""}', 0, 64, '', '097-124353', '', '', '2017-03-23 11:55:43', 6, 0, 0),
(129, '2017-03-23 13:18:37', 'Ms.', 'เพ็ญพร', 'บุญประจักษ์', '', '0000-00-00', '{"number":"","mu":"","village":"","alley":"","street":"","district":"","amphur":"","city":"64","zip":""}', 0, 64, '', '095-3512068', '', '', '2017-03-23 13:18:37', 6, 0, 0),
(130, '2017-03-23 13:27:42', 'Ms.', 'บุญญาพร', ' ปลัดบาง', '', '0000-00-00', '{"number":"","mu":"","village":"","alley":"","street":"","district":"","amphur":"","city":"64","zip":""}', 0, 64, '', '061-8135171', '', '', '2017-03-23 13:27:42', 6, 0, 0),
(131, '2017-03-23 13:34:19', 'Ms.', 'สร้อยสุดา', 'แซ่ลิ้ม', '', '0000-00-00', '{"number":"","mu":"","village":"","alley":"","street":"","district":"","amphur":"","city":"64","zip":""}', 0, 64, '', '080-0206268', '', '', '2017-03-23 13:34:19', 6, 0, 0),
(132, '2017-03-23 13:40:39', 'Ms.', 'ภาวินี', 'ศรีปราบหล่ม', '', '0000-00-00', '{"number":"","mu":"","village":"","alley":"","street":"","district":"","amphur":"","city":"64","zip":""}', 0, 64, '', '092-2717951', '', '', '2017-03-23 13:40:39', 6, 0, 0),
(134, '2017-03-23 13:48:06', 'Mr.', 'อนุชิต', 'วันดี', '', '0000-00-00', '{"number":"","mu":"","village":"","alley":"","street":"","district":"","amphur":"","city":"64","zip":""}', 0, 64, '', '085-4882676', '', '', '2017-03-23 13:48:06', 6, 0, 0),
(135, '2017-03-23 13:55:00', 'Ms.', 'วรนุช', 'รัตนพิทักษ์สุข', '', '0000-00-00', '{"number":"250\\/69","mu":"\\u0e386","village":"","alley":"","street":"","district":"\\u0e1a\\u0e32\\u0e07\\u0e1e\\u0e39\\u0e19","amphur":"\\u0e40\\u0e21\\u0e37\\u0e2d\\u0e07","city":"4","zip":"12000"}', 12000, 4, '', '086-3319696', '', '3571100308644', '2017-03-23 13:55:00', 6, 0, 0),
(136, '2017-03-23 13:58:04', 'Mr.', 'วิทวัส', 'พลอยเกษม', '', '0000-00-00', '{"number":"","mu":"","village":"","alley":"","street":"","district":"","amphur":"","city":"64","zip":""}', 0, 64, '', '080-2673888', '', '', '2017-03-23 13:58:04', 6, 0, 0),
(137, '2017-03-23 14:03:45', 'Mr.', 'สุเทพ', 'การีฟี', '', '0000-00-00', '{"number":"","mu":"","village":"","alley":"","street":"","district":"","amphur":"","city":"64","zip":""}', 0, 64, '', '092-8867693', '', '', '2017-03-23 14:03:45', 6, 0, 0),
(138, '2017-03-23 14:08:35', 'Mr.', 'อนุสร', 'บริวาท', '', '0000-00-00', '{"number":"16\\/12413 ","mu":"10","village":"","alley":"","street":"","district":"\\u0e04\\u0e25\\u0e2d\\u0e07\\u0e2b\\u0e19\\u0e36\\u0e48\\u0e07","amphur":"\\u0e04\\u0e25\\u0e2d\\u0e07\\u0e2b\\u0e25\\u0e27\\u0e07","city":"4","zip":"12120"}', 12120, 4, '', '084-9030593', '', '3610700420873', '2017-03-26 11:14:53', 6, 74, 0),
(139, '2017-04-01 11:01:29', 'Ms.', 'ปรารถนา', 'สาโรจน์', '', '0000-00-00', '{"number":"","mu":"","village":"","alley":"","street":"","district":"","amphur":"","city":"","zip":""}', 0, 0, '', '0836879645', '', '1102001753311', '2017-04-01 15:14:06', 6, 0, 0);

-- --------------------------------------------------------

--
-- Table structure for table `customers_level`
--

CREATE TABLE `customers_level` (
  `level_id` int(11) NOT NULL,
  `level_name` varchar(60) NOT NULL
) ENGINE=InnoDB DEFAULT CHARSET=utf8;

--
-- Dumping data for table `customers_level`
--

INSERT INTO `customers_level` (`level_id`, `level_name`) VALUES
(1, 'Normal'),
(2, 'VIP'),
(3, 'Free');

-- --------------------------------------------------------

--
-- Table structure for table `customers_options`
--

CREATE TABLE `customers_options` (
  `option_customer_id` int(11) NOT NULL,
  `option_id` int(20) NOT NULL,
  `option_type` varchar(20) NOT NULL,
  `option_label` varchar(60) NOT NULL,
  `option_value` varchar(160) NOT NULL
) ENGINE=InnoDB DEFAULT CHARSET=utf8;

--
-- Dumping data for table `customers_options`
--

INSERT INTO `customers_options` (`option_customer_id`, `option_id`, `option_type`, `option_label`, `option_value`) VALUES
(1, 7, 'email', 'อีเมล์ส่วนตัว', 'email@email.com'),
(1, 8, 'phone', 'เบอร์มือถือ', '0882267030'),
(1, 9, 'social', 'Line ID', 'lineID'),
(2, 10, 'email', 'Personal Email', '0839524512'),
(3, 11, 'email', 'อีเมล์ส่วนตัว', 'monkey.d.chong@gmail.com'),
(3, 12, 'email', 'อีเมล์ที่ทำงาน', 'n.ln@gmail.com'),
(3, 13, 'phone', 'เบอร์มือถือ', '0843635525'),
(4, 14, 'email', 'อีเมล์ส่วนตัว', 'goi_nana@hotmail.com'),
(2, 17, 'phone', 'Mobile Phone', '0843635952'),
(5, 18, 'email', 'อีเมล์ส่วนตัว', 'chong@gmail.com'),
(5, 19, 'phone', 'เบอร์มือถือ', '084557811'),
(6, 20, 'phone', 'Mobile Phone', '08884452265'),
(6, 21, 'social', 'Line ID', ''),
(7, 22, 'email', 'อีเมล์ส่วนตัว', 'goi.d@hotmail.com'),
(8, 24, 'email', 'อีเมล์ส่วนตัว', 'ms'),
(8, 25, 'phone', 'เบอร์มือถือ', '088567991'),
(8, 26, 'social', 'Line ID', 'loidd'),
(4, 27, 'phone', 'เบอร์มือถือ', '0843635952'),
(3, 28, 'social', 'Line ID', 'shiichong'),
(7, 29, 'phone', 'เบอร์มือถือ', '088362545'),
(9, 30, 'email', 'อีเมล์ส่วนตัว', 'email@email.com'),
(7, 33, 'social', 'Line ID', 'goiy'),
(12, 43, 'phone', 'เบอร์ที่ทำงาน', '0814437485'),
(9, 46, 'email', 'อีเมล์ที่ทำงาน', 'work@email.com'),
(9, 47, 'phone', 'เบอร์มือถือ', '0882267030'),
(9, 48, 'phone', 'เบอร์ที่ทำงาน', '123456789'),
(12, 49, 'phone', 'เบอร์บ้าน', '054000000'),
(13, 50, 'email', 'อีเมล์ส่วนตัว', ''),
(13, 51, 'phone', 'เบอร์มือถือ', '0895004129'),
(13, 52, 'social', 'Line ID', ''),
(14, 53, 'email', 'อีเมล์ส่วนตัว', ''),
(14, 54, 'phone', 'เบอร์มือถือ', '02-8742867'),
(14, 55, 'social', 'Line ID', ''),
(15, 56, 'email', 'อีเมล์ส่วนตัว', ''),
(15, 57, 'phone', 'เบอร์มือถือ', ''),
(15, 58, 'social', 'Line ID', ''),
(16, 59, 'email', 'อีเมล์ส่วนตัว', ''),
(16, 60, 'phone', 'เบอร์มือถือ', '095-5370867'),
(16, 61, 'social', 'Line ID', ''),
(17, 62, 'email', 'อีเมล์ส่วนตัว', ''),
(17, 63, 'phone', 'เบอร์มือถือ', '091-7725691'),
(17, 64, 'social', 'Line ID', ''),
(18, 65, 'email', 'อีเมล์ส่วนตัว', ''),
(18, 66, 'phone', 'เบอร์มือถือ', '097-9814498'),
(18, 67, 'social', 'Line ID', ''),
(19, 68, 'email', 'อีเมล์ส่วนตัว', ''),
(19, 69, 'phone', 'เบอร์มือถือ', '0918851234'),
(19, 70, 'social', 'Line ID', ''),
(20, 71, 'email', 'อีเมล์ส่วนตัว', ''),
(20, 72, 'phone', 'เบอร์มือถือ', '085-5537957'),
(20, 73, 'social', 'Line ID', ''),
(21, 74, 'email', 'อีเมล์ส่วนตัว', ''),
(21, 75, 'phone', 'เบอร์มือถือ', '089-2835325'),
(21, 76, 'social', 'Line ID', ''),
(22, 77, 'email', 'อีเมล์ส่วนตัว', ''),
(22, 78, 'phone', 'เบอร์มือถือ', '085-2246639'),
(22, 79, 'social', 'Line ID', ''),
(23, 80, 'email', 'อีเมล์ส่วนตัว', ''),
(23, 81, 'phone', 'เบอร์มือถือ', '085-487598'),
(23, 82, 'social', 'Line ID', ''),
(24, 83, 'email', 'อีเมล์ส่วนตัว', ''),
(24, 84, 'phone', 'เบอร์มือถือ', '093-1191963'),
(24, 85, 'social', 'Line ID', ''),
(25, 86, 'email', 'อีเมล์ส่วนตัว', ''),
(25, 87, 'phone', 'เบอร์มือถือ', '089-7644133'),
(25, 88, 'social', 'Line ID', ''),
(26, 89, 'email', 'อีเมล์ส่วนตัว', ''),
(26, 90, 'phone', 'เบอร์มือถือ', '093-0316292'),
(26, 91, 'social', 'Line ID', ''),
(27, 92, 'email', 'อีเมล์ส่วนตัว', ''),
(27, 93, 'phone', 'เบอร์มือถือ', '093-0316292'),
(27, 94, 'social', 'Line ID', ''),
(28, 95, 'email', 'อีเมล์ส่วนตัว', ''),
(28, 96, 'phone', 'เบอร์มือถือ', '061-6541809'),
(28, 97, 'social', 'Line ID', ''),
(29, 98, 'email', 'อีเมล์ส่วนตัว', ''),
(29, 99, 'phone', 'เบอร์มือถือ', '0866233156'),
(29, 100, 'social', 'Line ID', ''),
(30, 101, 'email', 'อีเมล์ส่วนตัว', ''),
(30, 102, 'phone', 'เบอร์มือถือ', '081-3075189'),
(30, 103, 'social', 'Line ID', ''),
(32, 107, 'email', 'อีเมล์ส่วนตัว', ''),
(32, 108, 'phone', 'เบอร์มือถือ', '083-0603772'),
(32, 109, 'social', 'Line ID', ''),
(39, 128, 'email', 'อีเมล์ส่วนตัว', ''),
(39, 129, 'phone', 'เบอร์มือถือ', '092-4944024'),
(40, 131, 'email', 'อีเมล์ส่วนตัว', ''),
(40, 132, 'phone', 'เบอร์มือถือ', '085-0738248'),
(40, 133, 'social', 'Line ID', ''),
(41, 134, 'email', 'อีเมล์ส่วนตัว', ''),
(41, 135, 'phone', 'เบอร์มือถือ', '061-8199555'),
(41, 136, 'social', 'Line ID', ''),
(50, 161, 'email', 'อีเมล์ส่วนตัว', ''),
(50, 162, 'phone', 'เบอร์มือถือ', '081-2954358'),
(50, 163, 'social', 'Line ID', ''),
(51, 164, 'email', 'อีเมล์ส่วนตัว', ''),
(51, 165, 'phone', 'เบอร์มือถือ', '088-3292600'),
(51, 166, 'social', 'Line ID', ''),
(52, 167, 'email', 'อีเมล์ส่วนตัว', ''),
(52, 168, 'phone', 'เบอร์มือถือ', '099-8253136'),
(52, 169, 'social', 'Line ID', ''),
(53, 170, 'email', 'อีเมล์ส่วนตัว', ''),
(53, 171, 'phone', 'เบอร์มือถือ', '085-4464000'),
(53, 172, 'social', 'Line ID', ''),
(54, 173, 'email', 'อีเมล์ส่วนตัว', ''),
(54, 174, 'phone', 'เบอร์มือถือ', '094-4098110'),
(54, 175, 'social', 'Line ID', ''),
(55, 176, 'email', 'อีเมล์ส่วนตัว', ''),
(55, 177, 'phone', 'เบอร์มือถือ', '095-5389596'),
(55, 178, 'social', 'Line ID', ''),
(56, 179, 'email', 'อีเมล์ส่วนตัว', ''),
(56, 180, 'phone', 'เบอร์มือถือ', '091-7311919'),
(56, 181, 'social', 'Line ID', ''),
(57, 182, 'email', 'อีเมล์ส่วนตัว', ''),
(57, 183, 'phone', 'เบอร์มือถือ', '095-7718365'),
(57, 184, 'social', 'Line ID', ''),
(59, 188, 'email', 'อีเมล์ส่วนตัว', ''),
(59, 189, 'phone', 'เบอร์มือถือ', '089-4564974'),
(59, 190, 'social', 'Line ID', ''),
(60, 191, 'email', 'อีเมล์ส่วนตัว', ''),
(60, 192, 'phone', 'เบอร์มือถือ', '085-2616617'),
(60, 193, 'social', 'Line ID', ''),
(61, 194, 'email', 'อีเมล์ส่วนตัว', ''),
(61, 195, 'phone', 'เบอร์มือถือ', '090-3877500'),
(61, 196, 'social', 'Line ID', ''),
(62, 197, 'email', 'อีเมล์ส่วนตัว', ''),
(62, 198, 'phone', 'เบอร์มือถือ', '087-6664441'),
(62, 199, 'social', 'Line ID', ''),
(63, 200, 'email', 'อีเมล์ส่วนตัว', ''),
(63, 201, 'phone', 'เบอร์มือถือ', '081-8168907'),
(63, 202, 'social', 'Line ID', ''),
(65, 206, 'email', 'อีเมล์ส่วนตัว', ''),
(65, 207, 'phone', 'เบอร์มือถือ', '088-8468416'),
(65, 208, 'social', 'Line ID', ''),
(67, 212, 'email', 'อีเมล์ส่วนตัว', ''),
(67, 213, 'phone', 'เบอร์มือถือ', '092-8135580'),
(67, 214, 'social', 'Line ID', ''),
(68, 215, 'email', 'อีเมล์ส่วนตัว', ''),
(68, 216, 'phone', 'เบอร์มือถือ', '090-9311584'),
(68, 217, 'social', 'Line ID', ''),
(70, 221, 'email', 'อีเมล์ส่วนตัว', ''),
(70, 222, 'phone', 'เบอร์มือถือ', ''),
(70, 223, 'social', 'Line ID', ''),
(71, 224, 'email', 'อีเมล์ส่วนตัว', ''),
(71, 225, 'phone', 'เบอร์มือถือ', '088-6209368'),
(71, 226, 'social', 'Line ID', ''),
(72, 227, 'email', 'อีเมล์ส่วนตัว', ''),
(72, 228, 'phone', 'เบอร์มือถือ', '088-6209368'),
(72, 229, 'social', 'Line ID', ''),
(74, 233, 'email', 'อีเมล์ส่วนตัว', ''),
(74, 234, 'phone', 'เบอร์มือถือ', '085-0579631'),
(74, 235, 'social', 'Line ID', ''),
(75, 236, 'email', 'อีเมล์ส่วนตัว', ''),
(75, 237, 'phone', 'เบอร์มือถือ', '081-9205363'),
(75, 238, 'social', 'Line ID', ''),
(77, 242, 'email', 'อีเมล์ส่วนตัว', ''),
(77, 243, 'phone', 'เบอร์มือถือ', '081-9255451'),
(77, 244, 'social', 'Line ID', ''),
(78, 245, 'email', 'อีเมล์ส่วนตัว', ''),
(78, 246, 'phone', 'เบอร์มือถือ', '087-0402281'),
(78, 247, 'social', 'Line ID', ''),
(80, 251, 'email', 'อีเมล์ส่วนตัว', ''),
(80, 252, 'phone', 'เบอร์มือถือ', '096-4392237'),
(80, 253, 'social', 'Line ID', ''),
(81, 254, 'email', 'อีเมล์ส่วนตัว', ''),
(81, 255, 'phone', 'เบอร์มือถือ', '099-2868016'),
(81, 256, 'social', 'Line ID', ''),
(83, 260, 'email', 'อีเมล์ส่วนตัว', ''),
(83, 261, 'phone', 'เบอร์มือถือ', '081-7455525'),
(83, 262, 'social', 'Line ID', ''),
(85, 266, 'email', 'อีเมล์ส่วนตัว', ''),
(85, 267, 'phone', 'เบอร์มือถือ', '080-5605522'),
(85, 268, 'social', 'Line ID', ''),
(86, 269, 'email', 'อีเมล์ส่วนตัว', ''),
(86, 270, 'phone', 'เบอร์มือถือ', '081-7788456'),
(86, 271, 'social', 'Line ID', ''),
(88, 275, 'email', 'อีเมล์ส่วนตัว', ''),
(88, 276, 'phone', 'เบอร์มือถือ', '089-9193299'),
(88, 277, 'social', 'Line ID', ''),
(89, 278, 'email', 'อีเมล์ส่วนตัว', ''),
(89, 279, 'phone', 'เบอร์มือถือ', '097-0018387'),
(89, 280, 'social', 'Line ID', ''),
(90, 281, 'email', 'อีเมล์ส่วนตัว', ''),
(90, 282, 'phone', 'เบอร์มือถือ', '081-6829452'),
(90, 283, 'social', 'Line ID', ''),
(91, 284, 'email', 'อีเมล์ส่วนตัว', ''),
(91, 285, 'phone', 'เบอร์มือถือ', '081-3036739'),
(91, 286, 'social', 'Line ID', ''),
(92, 287, 'email', 'อีเมล์ส่วนตัว', ''),
(92, 288, 'phone', 'เบอร์มือถือ', '094-6801177'),
(92, 289, 'social', 'Line ID', ''),
(93, 290, 'email', 'อีเมล์ส่วนตัว', ''),
(93, 291, 'phone', 'เบอร์มือถือ', '092-8835529'),
(93, 292, 'social', 'Line ID', ''),
(95, 296, 'email', 'อีเมล์ส่วนตัว', ''),
(95, 297, 'phone', 'เบอร์มือถือ', '087-1135049'),
(95, 298, 'social', 'Line ID', ''),
(97, 302, 'email', 'อีเมล์ส่วนตัว', ''),
(97, 303, 'phone', 'เบอร์มือถือ', '081-3504327'),
(97, 304, 'social', 'Line ID', ''),
(98, 305, 'email', 'อีเมล์ส่วนตัว', ''),
(98, 306, 'phone', 'เบอร์มือถือ', '081-9033816'),
(98, 307, 'social', 'Line ID', ''),
(100, 311, 'phone', 'เบอร์มือถือ', '080-6191481'),
(102, 317, 'email', 'อีเมล์ส่วนตัว', ''),
(102, 318, 'phone', 'เบอร์มือถือ', '031-7029963'),
(102, 319, 'social', 'Line ID', ''),
(104, 323, 'email', 'อีเมล์ส่วนตัว', ''),
(104, 324, 'phone', 'เบอร์มือถือ', '096-8908353'),
(104, 325, 'social', 'Line ID', ''),
(106, 329, 'email', 'อีเมล์ส่วนตัว', ''),
(106, 330, 'phone', 'เบอร์มือถือ', '081-5737122'),
(106, 331, 'social', 'Line ID', ''),
(107, 332, 'email', 'อีเมล์ส่วนตัว', ''),
(107, 333, 'phone', 'เบอร์มือถือ', '091-7789763'),
(107, 334, 'social', 'Line ID', ''),
(109, 338, 'email', 'อีเมล์ส่วนตัว', ''),
(109, 339, 'phone', 'เบอร์มือถือ', '095-9823655'),
(109, 340, 'social', 'Line ID', ''),
(110, 341, 'email', 'อีเมล์ส่วนตัว', ''),
(110, 342, 'phone', 'เบอร์มือถือ', '083-4461778'),
(110, 343, 'social', 'Line ID', ''),
(111, 344, 'email', 'อีเมล์ส่วนตัว', ''),
(111, 345, 'phone', 'เบอร์มือถือ', '098-3877500'),
(111, 346, 'social', 'Line ID', ''),
(113, 350, 'email', 'อีเมล์ส่วนตัว', ''),
(113, 351, 'phone', 'เบอร์มือถือ', '098-3877500'),
(113, 352, 'social', 'Line ID', ''),
(115, 356, 'email', 'อีเมล์ส่วนตัว', ''),
(115, 357, 'phone', 'เบอร์มือถือ', '087-7936498'),
(115, 358, 'social', 'Line ID', ''),
(116, 359, 'email', 'อีเมล์ส่วนตัว', ''),
(116, 360, 'phone', 'เบอร์มือถือ', '081-2684587'),
(116, 361, 'social', 'Line ID', ''),
(117, 362, 'email', 'อีเมล์ส่วนตัว', ''),
(117, 363, 'phone', 'เบอร์มือถือ', '093-6849990'),
(117, 364, 'social', 'Line ID', ''),
(118, 365, 'email', 'อีเมล์ส่วนตัว', ''),
(118, 366, 'phone', 'เบอร์มือถือ', '085-6770581'),
(118, 367, 'social', 'Line ID', ''),
(119, 368, 'email', 'อีเมล์ส่วนตัว', ''),
(119, 369, 'phone', 'เบอร์มือถือ', '085-6770581'),
(119, 370, 'social', 'Line ID', ''),
(120, 371, 'email', 'อีเมล์ส่วนตัว', ''),
(120, 372, 'phone', 'เบอร์มือถือ', '081-3504236'),
(120, 373, 'social', 'Line ID', ''),
(121, 374, 'email', 'อีเมล์ส่วนตัว', ''),
(121, 375, 'phone', 'เบอร์มือถือ', '081-3504236'),
(121, 376, 'social', 'Line ID', ''),
(122, 377, 'email', 'อีเมล์ส่วนตัว', ''),
(122, 378, 'phone', 'เบอร์มือถือ', '087-9997667'),
(122, 379, 'social', 'Line ID', ''),
(123, 380, 'email', 'อีเมล์ส่วนตัว', ''),
(123, 381, 'phone', 'เบอร์มือถือ', '087-9997667'),
(123, 382, 'social', 'Line ID', ''),
(124, 383, 'email', 'อีเมล์ส่วนตัว', ''),
(124, 384, 'phone', 'เบอร์มือถือ', '087-9666013'),
(124, 385, 'social', 'Line ID', ''),
(125, 386, 'email', 'อีเมล์ส่วนตัว', ''),
(125, 387, 'phone', 'เบอร์มือถือ', '087-9666013'),
(125, 388, 'social', 'Line ID', ''),
(126, 389, 'email', 'อีเมล์ส่วนตัว', ''),
(126, 390, 'phone', 'เบอร์มือถือ', '097-0239011'),
(126, 391, 'social', 'Line ID', ''),
(127, 392, 'email', 'อีเมล์ส่วนตัว', ''),
(127, 393, 'phone', 'เบอร์มือถือ', '097-124353'),
(127, 394, 'social', 'Line ID', ''),
(128, 395, 'email', 'อีเมล์ส่วนตัว', ''),
(128, 396, 'phone', 'เบอร์มือถือ', '097-124353'),
(128, 397, 'social', 'Line ID', ''),
(129, 398, 'email', 'อีเมล์ส่วนตัว', ''),
(129, 399, 'phone', 'เบอร์มือถือ', '095-3512068'),
(129, 400, 'social', 'Line ID', ''),
(130, 401, 'email', 'อีเมล์ส่วนตัว', ''),
(130, 402, 'phone', 'เบอร์มือถือ', '061-8135171'),
(130, 403, 'social', 'Line ID', ''),
(131, 404, 'email', 'อีเมล์ส่วนตัว', ''),
(131, 405, 'phone', 'เบอร์มือถือ', '080-0206268'),
(131, 406, 'social', 'Line ID', ''),
(132, 407, 'email', 'อีเมล์ส่วนตัว', ''),
(132, 408, 'phone', 'เบอร์มือถือ', '092-2717951'),
(132, 409, 'social', 'Line ID', ''),
(134, 413, 'email', 'อีเมล์ส่วนตัว', ''),
(134, 414, 'phone', 'เบอร์มือถือ', '085-4882676'),
(134, 415, 'social', 'Line ID', ''),
(135, 416, 'email', 'อีเมล์ส่วนตัว', ''),
(135, 417, 'phone', 'เบอร์มือถือ', '086-3319696'),
(135, 418, 'social', 'Line ID', ''),
(136, 419, 'email', 'อีเมล์ส่วนตัว', ''),
(136, 420, 'phone', 'เบอร์มือถือ', '080-2673888'),
(136, 421, 'social', 'Line ID', ''),
(137, 422, 'email', 'อีเมล์ส่วนตัว', ''),
(137, 423, 'phone', 'เบอร์มือถือ', '092-8867693'),
(137, 424, 'social', 'Line ID', ''),
(138, 425, 'phone', 'เบอร์มือถือ', '084-9030593'),
(139, 426, 'phone', 'เบอร์มือถือ', '0836879645');

-- --------------------------------------------------------

--
-- Table structure for table `dealer`
--

CREATE TABLE `dealer` (
  `dealer_id` int(3) NOT NULL,
  `dealer_name` varchar(128) NOT NULL,
  `dealer_created` datetime NOT NULL,
  `dealer_address` varchar(255) NOT NULL,
  `dealer_license` varchar(30) NOT NULL,
  `dealer_tel` varchar(30) NOT NULL,
  `dealer_mobile_phone` varchar(30) NOT NULL,
  `dealer_fax` varchar(30) NOT NULL,
  `dealer_email` varchar(60) NOT NULL,
  `dealer_emp_id` int(4) NOT NULL,
  `dealer_updated` datetime NOT NULL,
  `dealer_floor` int(11) NOT NULL
) ENGINE=InnoDB DEFAULT CHARSET=utf8;

--
-- Dumping data for table `dealer`
--

INSERT INTO `dealer` (`dealer_id`, `dealer_name`, `dealer_created`, `dealer_address`, `dealer_license`, `dealer_tel`, `dealer_mobile_phone`, `dealer_fax`, `dealer_email`, `dealer_emp_id`, `dealer_updated`, `dealer_floor`) VALUES
(1, 'Arima Onsen', '2017-02-14 23:18:05', '37/10-14 Soi Suriwongse Plaza, Suriwongse Road, Bangrak, Bangkok 10500', '', '', '', '', '', 6, '2017-04-23 15:02:24', 0),
(2, 'Bangna', '2017-04-28 16:59:38', '', '', '', '', '', '', 6, '2017-04-28 16:59:38', 0);

-- --------------------------------------------------------

--
-- Table structure for table `dealer_paytype_permit`
--

CREATE TABLE `dealer_paytype_permit` (
  `pay_id` int(11) NOT NULL,
  `dealer_id` int(11) NOT NULL
) ENGINE=InnoDB DEFAULT CHARSET=utf8;

--
-- Dumping data for table `dealer_paytype_permit`
--

INSERT INTO `dealer_paytype_permit` (`pay_id`, `dealer_id`) VALUES
(1, 1),
(1, 2);

-- --------------------------------------------------------

--
-- Table structure for table `employees`
--

CREATE TABLE `employees` (
  `emp_dealer_id` int(3) NOT NULL,
  `emp_dep_id` int(2) NOT NULL,
  `emp_pos_id` int(3) NOT NULL,
  `emp_id` int(4) NOT NULL,
  `emp_code` varchar(4) NOT NULL,
  `emp_created` datetime NOT NULL,
  `emp_prefix_name` varchar(5) NOT NULL,
  `emp_first_name` varchar(40) NOT NULL,
  `emp_last_name` varchar(50) NOT NULL,
  `emp_image_id` int(11) NOT NULL,
  `emp_nickname` varchar(20) NOT NULL,
  `emp_username` varchar(15) NOT NULL,
  `emp_password` varchar(64) NOT NULL,
  `emp_phone_number` varchar(10) NOT NULL,
  `emp_email` varchar(128) NOT NULL,
  `emp_line_id` varchar(30) NOT NULL,
  `emp_address` text NOT NULL,
  `emp_city_id` int(3) NOT NULL,
  `emp_zip` varchar(5) NOT NULL,
  `emp_birthday` date NOT NULL,
  `emp_updated` datetime NOT NULL,
  `emp_display` enum('disabled','enabled') NOT NULL,
  `emp_notes` text NOT NULL,
  `emp_mode` varchar(20) NOT NULL,
  `emp_lang` varchar(3) NOT NULL,
  `emp_permission` text NOT NULL,
  `emp_online` int(11) NOT NULL
) ENGINE=InnoDB DEFAULT CHARSET=utf8;

--
-- Dumping data for table `employees`
--

INSERT INTO `employees` (`emp_dealer_id`, `emp_dep_id`, `emp_pos_id`, `emp_id`, `emp_code`, `emp_created`, `emp_prefix_name`, `emp_first_name`, `emp_last_name`, `emp_image_id`, `emp_nickname`, `emp_username`, `emp_password`, `emp_phone_number`, `emp_email`, `emp_line_id`, `emp_address`, `emp_city_id`, `emp_zip`, `emp_birthday`, `emp_updated`, `emp_display`, `emp_notes`, `emp_mode`, `emp_lang`, `emp_permission`, `emp_online`) VALUES
(1, 1, 0, 6, '', '2016-12-11 14:42:30', 'Mr.', 'ภุชงค์', 'สวนแจ้ง', 79, 'ชง', 'admin', '96f6056b20bfa4ee2bdfbe3d885026b70b0aee8bb1ef70436571dd22cd127e74', '0843635952', 'monkey.d.chong@gmail.com', 'shiichong', '{"number":"","mu":"","village":"","alley":"","street":"","district":"","amphur":"","city":"64","zip":""}', 64, '', '0000-00-00', '2017-05-03 17:23:49', 'enabled', '', 'light', 'en', '', 0),
(1, 1, 2, 32, '', '2017-03-24 15:32:26', 'Mr.', 'พชร', 'นันทอาภา', 66, '', 'blacklistmodz', 'fe4cf836c6a7950448013c3effd82b63ea269c55f67ef790bb30342026f4e05b', '', '', '', '{"number":"","mu":"","village":"","alley":"","street":"","district":"","amphur":"","city":"","zip":""}', 0, '', '1970-01-01', '2017-03-29 17:24:35', 'enabled', '', '', '', '', 0),
(1, 1, 3, 33, '', '2017-04-24 12:11:19', 'Mr.', 'Dom', '', 0, '', 'test', '96f6056b20bfa4ee2bdfbe3d885026b70b0aee8bb1ef70436571dd22cd127e74', '', '', '', '{"number":"","mu":"","village":"","alley":"","street":"","district":"","amphur":"","city":"","zip":""}', 0, '', '0000-00-00', '2017-04-24 12:11:19', 'enabled', '', '', '', '', 0),
(1, 7, 3, 34, '', '2017-04-28 09:53:09', 'Ms.', 'สุรภี', 'วิสาสะ', 0, '', 'arima2', 'ed1b89a98411630b14207c104d22c8efe388eab9087ebc231f2123ee8782b24a', '', '', '', '{"number":"","mu":"","village":"","alley":"","street":"","district":"","amphur":"","city":"","zip":""}', 0, '', '0000-00-00', '2017-04-28 09:53:21', 'enabled', '', '', '', '', 0),
(1, 12, 3, 35, '', '2017-04-28 09:53:44', 'Ms.', 'ปวีณา', 'ศิวรักษ์', 0, '', 'arima3', 'a3e6d64744d474b6791e86666c4daf66797d6d7679f6ce362071f6c9e7afda5d', '', '', '', '{"number":"","mu":"","village":"","alley":"","street":"","district":"","amphur":"","city":"","zip":""}', 0, '', '0000-00-00', '2017-04-28 09:53:44', 'enabled', '', '', '', '', 0),
(1, 8, 3, 36, '', '2017-04-28 09:56:04', 'Ms.', 'จงจินต์', 'สวรรณโอสถ', 0, '', 'arima4', '412e11f2013ac2d136197513ed1bc05d1151ca55b0217ea9ecb7b5a6dc565dfe', '', '', '', '{"number":"","mu":"","village":"","alley":"","street":"","district":"","amphur":"","city":"","zip":""}', 0, '', '0000-00-00', '2017-04-28 09:56:04', 'enabled', '', '', '', '', 0),
(1, 1, 0, 37, '', '2017-04-28 09:56:42', 'Ms.', 'ศิริรัตน์', 'เหลืองสมใจ', 0, '', 'arima5', '009b22afc662e8a727a653171b916527c3baecb65a775e128051d0f08545722b', '', '', '', '{"number":"","mu":"","village":"","alley":"","street":"","district":"","amphur":"","city":"","zip":""}', 0, '', '0000-00-00', '2017-05-05 12:02:34', 'enabled', '', '', '', '', 0),
(1, 1, 8, 38, '', '2017-04-28 09:57:30', 'Ms.', 'ณิฐชานันท์', 'เศรษฐ์อมรธน', 0, '', 'arima6', '6ee829a059d91153e8cf8ed7b1c0feab58a790189d6907c28f2ed4ff4126e577', '', '', '', '{"number":"","mu":"","village":"","alley":"","street":"","district":"","amphur":"","city":"","zip":""}', 0, '', '0000-00-00', '2017-04-28 09:57:30', 'enabled', '', '', '', '', 0),
(1, 11, 3, 39, '', '2017-04-28 10:00:26', 'Ms.', 'จุฑารัตน์', 'เงินดี', 0, '', 'arima7', 'fa07daf042fa7248c230d92e177be4e0df6f4ec70e806034aff807f76f707802', '', '', '', '{"number":"","mu":"","village":"","alley":"","street":"","district":"","amphur":"","city":"","zip":""}', 0, '', '0000-00-00', '2017-04-28 10:00:26', 'enabled', '', '', '', '', 0),
(1, 1, 3, 40, '', '2017-04-28 10:00:57', 'Mr.', 'วันชัย', 'บวงวงศ์พิทักษ์', 0, '', 'arima8', '59e1ff6344cfde182e673a96897c596604623cd1af826408bde6cfa414798858', '', '', '', '{"number":"","mu":"","village":"","alley":"","street":"","district":"","amphur":"","city":"","zip":""}', 0, '', '0000-00-00', '2017-04-30 13:04:57', 'enabled', '', '', '', '', 0),
(1, 11, 3, 41, '', '2017-04-28 10:01:16', 'Ms.', 'ดลนพร', 'คงสมบัติ', 0, '', 'arima9', '63f56f6d04746541965151cb0209c3a8ac3be6736a849726b14848301318b674', '', '', '', '{"number":"","mu":"","village":"","alley":"","street":"","district":"","amphur":"","city":"","zip":""}', 0, '', '0000-00-00', '2017-04-28 10:01:16', 'enabled', '', '', '', '', 0),
(1, 5, 3, 42, '001', '2017-04-28 10:12:42', 'Ms.', 'พัชรี', 'สายโสม', 0, 'โอปอ', 'user01', '5b03ee43916e1fd622ca6a2a1dde05f055f4ab0b96cded601a76fb15e63abd90', '0924967432', '', '', '{"number":"","mu":"","village":"","alley":"","street":"","district":"","amphur":"","city":"","zip":""}', 0, '', '0000-00-00', '2017-04-28 10:30:57', 'enabled', '', '', '', '', 0),
(1, 5, 3, 43, '002', '2017-04-28 10:14:33', 'Ms.', 'พิมพ์ชนา', 'ศิรศํกดิ์อัญกุล', 0, 'เติ้ล', 'user02', 'cad28242c6738b65ef4b8d8b92a05a4e4428d5c6d585ca399ed8d7b171c09f47', '0879287742', '', '', '{"number":"","mu":"","village":"","alley":"","street":"","district":"","amphur":"","city":"","zip":""}', 0, '', '0000-00-00', '2017-04-28 10:49:44', 'enabled', '', '', '', '', 0),
(1, 5, 3, 44, '003', '2017-04-28 10:15:01', 'Mrs.', 'อุไร', 'หล่าบรรเทา', 0, 'กุล', 'user03', 'a436d770e41ec24ad72e96ebefc6d52f38921c9e08c354840343ae277b6f2b07', '0811371150', '', '', '{"number":"","mu":"","village":"","alley":"","street":"","district":"","amphur":"","city":"","zip":""}', 0, '', '0000-00-00', '2017-04-28 11:06:13', 'enabled', '', '', '', '', 0),
(1, 5, 3, 45, '004', '2017-04-28 10:15:30', 'Ms.', 'น้อย', 'วงค์หินกอง', 0, 'นันท์', 'user04', 'bb427ae9de8d51eeba231b4ab7398d3e00eca6a2e1c4163e570f8fa2a9681113', '0897740997', '', '', '{"number":"","mu":"","village":"","alley":"","street":"","district":"","amphur":"","city":"","zip":""}', 0, '', '0000-00-00', '2017-04-28 11:06:24', 'enabled', '', '', '', '', 0),
(1, 5, 3, 46, '005', '2017-04-28 10:15:52', 'Ms.', 'มัลลิกา', 'หอมสุวรรณ์', 0, 'เมย์', 'user05', '678659da1e5f18815c49019dfaaf7cc8b0a696e3efc68a31b097478612e46b3a', '0925748914', '', '', '{"number":"","mu":"","village":"","alley":"","street":"","district":"","amphur":"","city":"","zip":""}', 0, '', '0000-00-00', '2017-04-28 11:28:48', 'enabled', '', '', '', '', 0),
(1, 5, 3, 47, '006', '2017-04-28 10:17:35', 'Ms.', 'สมศรี', 'ธนะศรี', 0, 'สมศรี', 'user06', 'dae857818386587657a2c4be9a697ced2e6ad495a8c27a37670dacd3fb421e02', '0874561218', '', '', '{"number":"","mu":"","village":"","alley":"","street":"","district":"","amphur":"","city":"","zip":""}', 0, '', '0000-00-00', '2017-04-28 11:28:55', 'enabled', '', '', '', '', 0),
(1, 5, 3, 48, '007', '2017-04-28 10:20:44', 'Mrs.', 'สมาพร', 'เมฆไพทูรย์', 0, 'โต', 'user07', 'a5808dd27560b578f97f5e45bb6d6c2d603ebbec9df6bb89b52c0e1e02f13644', '0943464062', '', '', '{"number":"","mu":"","village":"","alley":"","street":"","district":"","amphur":"","city":"","zip":""}', 0, '', '0000-00-00', '2017-04-28 11:29:03', 'enabled', '', '', '', '', 0),
(1, 5, 3, 49, '008', '2017-04-28 10:21:49', 'Ms.', 'ลำใย', 'เดชผล', 0, 'ลำใย', 'user08', '69ee38392f2ddf65feefd743c0de8257a1c789e8f82ef962117ac52c90a1a149', '0985369574', '', '', '{"number":"","mu":"","village":"","alley":"","street":"","district":"","amphur":"","city":"","zip":""}', 0, '', '0000-00-00', '2017-04-28 11:29:09', 'enabled', '', '', '', '', 0),
(1, 5, 3, 50, '009', '2017-04-28 10:24:07', 'Mrs.', 'จอมศรี', 'ไชยา', 0, 'อ้อม', 'user09', '68d66e0ae8d0ef1b0bd3e6b14de63177d7973577cf54f8260799fe87c0801845', '0930091009', '', '', '{"number":"","mu":"","village":"","alley":"","street":"","district":"","amphur":"","city":"","zip":""}', 0, '', '0000-00-00', '2017-04-28 11:29:14', 'enabled', '', '', '', '', 0),
(1, 5, 3, 51, '010', '2017-04-28 10:25:36', 'Ms.', 'วนิดา', 'จิว', 0, 'บาส', 'user10', '6c5d0e1e11ee4a3c0ddf16100bb180e32d852c981e46c5c2f04a1dfd0d9aba9d', '0923568796', '', '', '{"number":"","mu":"","village":"","alley":"","street":"","district":"","amphur":"","city":"","zip":""}', 0, '', '0000-00-00', '2017-04-28 11:29:21', 'enabled', '', '', '', '', 0),
(1, 5, 3, 52, '011', '2017-04-28 10:26:10', 'Mrs.', 'ภัคจิรา', 'ฝูงใหญ่', 0, 'หนิง', 'user11', 'cdfc465b5262b537f5b602370b4eebd509d20dc22e7870008a3d8bb9ed6fdb43', '0915517855', '', '', '{"number":"","mu":"","village":"","alley":"","street":"","district":"","amphur":"","city":"","zip":""}', 0, '', '0000-00-00', '2017-04-28 11:29:31', 'enabled', '', '', '', '', 0),
(1, 5, 3, 53, '012', '2017-04-28 10:26:56', 'Ms.', 'ณญาณิน', 'บุญยา', 0, 'มาศ', 'user12', '8151998af60a9ee022f77ddd90fb9fa6ea1cc39ec936310dd73573a7d8c04c29', '0929261392', '', '', '{"number":"","mu":"","village":"","alley":"","street":"","district":"","amphur":"","city":"","zip":""}', 0, '', '1970-01-01', '2017-04-28 11:29:36', 'enabled', '', '', '', '', 0),
(1, 5, 3, 54, '014', '2017-04-28 13:19:19', 'Ms.', 'สุวดี', 'ละอองสี', 0, 'แคท', 'user14', '81311575bf4b281559f0c22790cdcc043b786423aefbd844a5f80ff66810a220', '0929261392', '', '', '{"number":"","mu":"","village":"","alley":"","street":"","district":"","amphur":"","city":"","zip":""}', 0, '', '0000-00-00', '2017-04-28 13:19:19', 'enabled', '', '', '', '', 0),
(1, 5, 3, 55, '015', '2017-04-28 13:20:01', 'Mr.', 'สายใจ', 'สีเหลือง', 0, 'เอ๊ะ', 'user15', '6aba7498ffccb8b98d4a8b1108ce8bd296b5d3ae9bac7bd52ed0bb8ae7b4bb0b', '0879367289', '', '', '{"number":"","mu":"","village":"","alley":"","street":"","district":"","amphur":"","city":"","zip":""}', 0, '', '0000-00-00', '2017-04-28 13:20:01', 'enabled', '', '', '', '', 0),
(1, 5, 3, 56, '016', '2017-04-28 13:25:07', 'Ms.', 'สุวรรณภา', 'ยะปะเต', 0, 'แดง', 'user16', 'e73c44269c736e4f68dba4fae2c2b7a9ee25e20e29c087b5730b0065cdd72174', '0971321533', '', '', '{"number":"","mu":"","village":"","alley":"","street":"","district":"","amphur":"","city":"","zip":""}', 0, '', '0000-00-00', '2017-04-28 13:25:07', 'enabled', '', '', '', '', 0),
(1, 5, 3, 57, '017', '2017-04-28 13:29:10', 'Ms.', 'บัวสอน', 'เพิ่มทรัพย์', 0, 'รอด', 'user17', '3bfedf08e6500aeb4ef5ec3021c0bab3cbab1724dfaa3f80d605ea633296abc8', '0878230829', '', '', '{"number":"","mu":"","village":"","alley":"","street":"","district":"","amphur":"","city":"","zip":""}', 0, '', '0000-00-00', '2017-05-03 17:25:27', 'enabled', '', '', '', '', 0),
(1, 5, 3, 58, '018', '2017-04-28 13:30:10', 'Mrs.', 'ณีรนุช', 'นาสงวน', 0, 'เหมันต์', 'user18', '472bc20e0f68614b071d0303ca846d23748149a0218ffa59f673e67ada2863a3', '0847298444', '', '', '{"number":"","mu":"","village":"","alley":"","street":"","district":"","amphur":"","city":"","zip":""}', 0, '', '0000-00-00', '2017-04-28 13:30:10', 'enabled', '', '', '', '', 0),
(1, 5, 3, 59, '020', '2017-04-28 13:31:27', 'Mrs.', 'ปิยะรัตน์', 'จันทร์หนองหว้า', 0, 'เวช', 'user20', '407c9807f7d4f06f1f10fa2ad5cf7e12912f1d403846156c21921163782935f5', '0870771754', '', '', '{"number":"","mu":"","village":"","alley":"","street":"","district":"","amphur":"","city":"","zip":""}', 0, '', '0000-00-00', '2017-04-28 13:31:27', 'enabled', '', '', '', '', 0),
(1, 5, 3, 60, '021', '2017-04-28 13:34:52', 'Ms.', 'พัชรี', 'หมั่นหมาย', 0, 'ปาน', 'user21', 'ddc9725e93318db6cc1b73544fe8f8964a07d34ddf21689a1a3e3d5a75732dbc', '0988822383', '', '', '{"number":"","mu":"","village":"","alley":"","street":"","district":"","amphur":"","city":"","zip":""}', 0, '', '0000-00-00', '2017-04-28 13:34:52', 'enabled', '', '', '', '', 0),
(1, 5, 3, 61, '022', '2017-04-28 13:57:46', 'Mrs.', 'มุกดา', 'ขมิ้นทอง', 0, 'ยา', 'user22', '2601e59e08d7938ce30dc047626d471a85c7636f2efe68133d8e7cf6a865ed37', '0878173169', '', '', '{"number":"","mu":"","village":"","alley":"","street":"","district":"","amphur":"","city":"","zip":""}', 0, '', '0000-00-00', '2017-04-28 13:57:46', 'enabled', '', '', '', '', 0),
(1, 5, 3, 62, '023', '2017-04-28 14:11:58', 'Mrs.', 'ชุตินัน', 'สงวนใจ', 0, 'ต่าย', 'user23', '89912525769e16611c68beae03c9dbf7db9e47b8277e0924e0e1bf07300072fd', '0965542624', '', '', '{"number":"","mu":"","village":"","alley":"","street":"","district":"","amphur":"","city":"","zip":""}', 0, '', '0000-00-00', '2017-04-28 14:11:58', 'enabled', '', '', '', '', 0),
(1, 5, 3, 63, '024', '2017-04-28 14:32:02', 'Ms.', 'กรชนก', 'เดชผล', 0, 'สา', 'user24', '0babdd36a436d9a4cdc275cee983b2c4f662e298c88432b1661763737601882b', '0655324569', '', '', '{"number":"","mu":"","village":"","alley":"","street":"","district":"","amphur":"","city":"","zip":""}', 0, '', '0000-00-00', '2017-04-28 14:32:02', 'enabled', '', '', '', '', 0),
(1, 5, 3, 64, '025', '2017-04-28 14:32:41', 'Ms.', 'สุพัตรา', 'บุญยา', 0, 'สุ', 'user25', '1ec491c3f31ee826fbbc9b9fc59f552fa6ff81ab4cc9e6155e18bb0d8c9700b8', '0923716073', '', '', '{"number":"","mu":"","village":"","alley":"","street":"","district":"","amphur":"","city":"","zip":""}', 0, '', '0000-00-00', '2017-04-28 14:32:41', 'enabled', '', '', '', '', 0),
(1, 5, 3, 65, '026', '2017-04-28 14:34:33', 'Ms.', 'ฉวีวรรณ', 'ผิวงาม', 0, 'น้อย', 'user26', '52dc026bac48aba3ea1cce2938daf426b3a67f0c09ffbd47e38f2f2c1c9fd72c', '0616180524', '', '', '{"number":"","mu":"","village":"","alley":"","street":"","district":"","amphur":"","city":"","zip":""}', 0, '', '0000-00-00', '2017-04-28 14:34:33', 'enabled', '', '', '', '', 0),
(1, 5, 3, 66, '027', '2017-04-28 14:35:11', 'Ms.', 'จันทิมา', 'พวงมาลัย', 0, 'ปุ๊', 'user27', 'bb17dbb94535577ee49f8d326fa540a43c8a1d421e7f3d4912ce5090153dfcfb', '0847038741', '', '', '{"number":"","mu":"","village":"","alley":"","street":"","district":"","amphur":"","city":"","zip":""}', 0, '', '0000-00-00', '2017-04-28 14:35:11', 'enabled', '', '', '', '', 0),
(1, 5, 3, 67, '028', '2017-04-28 14:38:22', 'Mrs.', 'อำนวย', 'โยวัง', 0, 'นุ้ย', 'user28', '3c49acc94bfda6abddd70b442fcab34e01944b399ea2f87a1584abeed92fb91a', '0655028096', '', '', '{"number":"","mu":"","village":"","alley":"","street":"","district":"","amphur":"","city":"","zip":""}', 0, '', '0000-00-00', '2017-04-28 14:38:22', 'enabled', '', '', '', '', 0),
(1, 5, 3, 68, '029', '2017-04-28 14:39:05', 'Ms.', 'กฤษนา', 'พิมพ์ทอง', 0, 'นา', 'user29', 'b257a513335681c117106be0b9099997880923273c61b060f12286199389bcb5', '0898815058', '', '', '{"number":"","mu":"","village":"","alley":"","street":"","district":"","amphur":"","city":"","zip":""}', 0, '', '0000-00-00', '2017-04-28 14:39:05', 'enabled', '', '', '', '', 0),
(1, 5, 3, 69, '030', '2017-04-28 14:41:02', 'Mrs.', 'บัวบาน', 'นันทวรรณ', 0, 'บัว', 'user30', '40687dc1a9ec09ab8328ba645f4d2ec5171a2578b6d6c0d39cda7f62f99531b8', '083778525', '', '', '{"number":"","mu":"","village":"","alley":"","street":"","district":"","amphur":"","city":"","zip":""}', 0, '', '0000-00-00', '2017-04-28 14:41:02', 'enabled', '', '', '', '', 0),
(1, 5, 3, 70, '031', '2017-04-28 15:01:38', 'Mrs.', 'จันทร์', 'โสดา', 0, 'น้ำ', 'user31', 'fc1ee051cba4a16a8ffffe112197bf88fcbaac716ad73e7446724f1c866b7962', '0969932029', '', '', '{"number":"","mu":"","village":"","alley":"","street":"","district":"","amphur":"","city":"","zip":""}', 0, '', '0000-00-00', '2017-04-28 15:01:38', 'enabled', '', '', '', '', 0),
(1, 5, 3, 71, '032', '2017-04-28 15:02:27', 'Mrs.', 'รจนา', 'จักษุกรรณ์', 0, 'ซัน', 'user32', '8182ad874524191a0954d1e8efcc8f987b51ea5ece6db9ad100fba34f3da9b22', '0853556482', '', '', '{"number":"","mu":"","village":"","alley":"","street":"","district":"","amphur":"","city":"","zip":""}', 0, '', '0000-00-00', '2017-04-28 15:02:27', 'enabled', '', '', '', '', 0),
(1, 5, 3, 72, '033', '2017-04-28 15:03:37', 'Ms.', 'นำ', 'ลิภา', 0, 'ต้า', 'user33', 'c63875a63501844c7e642e7fd231528bb000414e46915f44c74bff3463edc3a5', '0984790361', '', '', '{"number":"","mu":"","village":"","alley":"","street":"","district":"","amphur":"","city":"","zip":""}', 0, '', '0000-00-00', '2017-04-28 15:03:37', 'enabled', '', '', '', '', 0),
(1, 5, 3, 73, '034', '2017-04-28 15:04:17', 'Ms.', 'สำรอง', 'บัววัด', 0, 'หมิว', 'user34', '654560dd07294c967f4d8550b0bc512d75dd22f691f4474f654d6a36db6eab04', '0833607943', '', '', '{"number":"","mu":"","village":"","alley":"","street":"","district":"","amphur":"","city":"","zip":""}', 0, '', '0000-00-00', '2017-04-28 15:04:17', 'enabled', '', '', '', '', 0),
(1, 5, 3, 74, '035', '2017-04-28 15:17:38', 'Ms.', 'อรวรรณ', 'ใจเพชร', 0, 'แอ๊ด', 'user35', '22fc67c3c4da20032a92fb7f739dc5f9ed68a30f63e23010f65d704590ca4e5e', '0894511347', '', '', '{"number":"","mu":"","village":"","alley":"","street":"","district":"","amphur":"","city":"","zip":""}', 0, '', '0000-00-00', '2017-04-28 15:17:38', 'enabled', '', '', '', '', 0),
(1, 5, 3, 75, '036', '2017-04-28 15:18:22', 'Mrs.', 'สุภาพ', 'กองกัญญา', 0, 'เดียร์', 'user36', '426ae1ed28a1a4eb02bb0866357420b8221823ebd9e219fb1174b4929317376f', '0870673908', '', '', '{"number":"","mu":"","village":"","alley":"","street":"","district":"","amphur":"","city":"","zip":""}', 0, '', '0000-00-00', '2017-04-28 15:18:22', 'enabled', '', '', '', '', 0),
(1, 5, 3, 76, '037', '2017-04-28 15:33:32', 'Mrs.', 'กฤติมา', 'พุทธรักษ์', 0, 'แขก', 'user37', '846125a2c876fc92c91ff926e7099487b2372bc54ab467ad0c8cfaacf4d51da2', '0949811265', '', '', '{"number":"","mu":"","village":"","alley":"","street":"","district":"","amphur":"","city":"","zip":""}', 0, '', '0000-00-00', '2017-04-28 15:33:32', 'enabled', '', '', '', '', 0),
(1, 5, 3, 77, '038', '2017-04-28 15:34:44', 'Ms.', 'บุตรดี', 'คำทองสุข', 0, 'นาง', 'user38', '4d50d4240123ea350ec43d999096417e4b124277f9a07f34e912da620d63a540', '0628844663', '', '', '{"number":"","mu":"","village":"","alley":"","street":"","district":"","amphur":"","city":"","zip":""}', 0, '', '0000-00-00', '2017-04-28 15:34:44', 'enabled', '', '', '', '', 0),
(1, 5, 3, 78, '039', '2017-04-28 15:35:58', 'Mrs.', 'อ้อย', 'สร้อยชด', 0, '', 'user39', 'b0ab74a9cafb375cf8502e2cb528c9ccf03fb9ec9c2cdddd0e4f9745e4089f96', '0924967368', '', '', '{"number":"","mu":"","village":"","alley":"","street":"","district":"","amphur":"","city":"","zip":""}', 0, '', '0000-00-00', '2017-04-28 15:35:58', 'enabled', '', '', '', '', 0),
(1, 5, 3, 79, '040', '2017-04-28 15:36:40', 'Ms.', 'เกตสิรีน์', 'ศรีแก้ว', 0, 'ถิน', 'user40', 'e5f37ee62c88df1beb461b736c38039d52cb5b3b69a69241d3cf43152f79be94', '0614029785', '', '', '{"number":"","mu":"","village":"","alley":"","street":"","district":"","amphur":"","city":"","zip":""}', 0, '', '0000-00-00', '2017-04-28 15:36:40', 'enabled', '', '', '', '', 0),
(1, 5, 3, 80, '041', '2017-04-28 15:42:31', 'Mrs.', 'ประยงค์', 'ธรรมบุตร', 0, 'ส้ม', 'user41', '1cd8015dbfd03108ec59bab64461404a52b94a2c3b71357f26037a2042bac070', '0896955261', '', '', '{"number":"","mu":"","village":"","alley":"","street":"","district":"","amphur":"","city":"","zip":""}', 0, '', '0000-00-00', '2017-04-28 15:42:31', 'enabled', '', '', '', '', 0),
(1, 5, 3, 81, '042', '2017-04-28 15:43:38', 'Ms.', 'บังอร', 'ป้อมมณี', 0, 'ลี', 'user42', '12fac436c8a2e9ac9671669d52fd01e2bdb06a21a9698c23ee02e3efeeaef61c', '0863435132', '', '', '{"number":"","mu":"","village":"","alley":"","street":"","district":"","amphur":"","city":"","zip":""}', 0, '', '0000-00-00', '2017-04-28 15:43:38', 'enabled', '', '', '', '', 0),
(1, 5, 3, 82, '043', '2017-04-28 15:55:27', 'Ms.', 'อำนวยพร', 'บุญญา', 0, 'บด', 'user43', '34a5389f1e4a0950c8baff76a8f3e98ee4d8681a1803e1309bee4e150ec3b565', '0861404608', '', '', '{"number":"","mu":"","village":"","alley":"","street":"","district":"","amphur":"","city":"","zip":""}', 0, '', '0000-00-00', '2017-04-28 15:55:27', 'enabled', '', '', '', '', 0),
(1, 5, 3, 83, '044', '2017-04-28 15:58:33', 'Ms.', 'บัวหลั่น', 'วรรณารักษ์', 0, 'หมู', 'user44', 'e75c2574688b67326c2c20b5853e29ebffc519d97806787019dd15c2b6428676', '0859061838', '', '', '{"number":"","mu":"","village":"","alley":"","street":"","district":"","amphur":"","city":"","zip":""}', 0, '', '0000-00-00', '2017-04-28 15:58:33', 'enabled', '', '', '', '', 0),
(1, 5, 3, 84, '046', '2017-04-28 15:59:54', 'Ms.', 'ณัฐสินี', 'กะการดี', 0, 'กีต้าร์', 'user46', '0f754cc5f7e696de8c832e9451355af66a8f3d90612064f0082b679a46c2d648', '0890165621', '', '', '{"number":"","mu":"","village":"","alley":"","street":"","district":"","amphur":"","city":"","zip":""}', 0, '', '0000-00-00', '2017-04-28 15:59:54', 'enabled', '', '', '', '', 0),
(1, 5, 3, 85, '045', '2017-04-28 16:00:55', 'Ms.', 'จันทร์เพ็ญ', 'ดวงโภคา', 0, 'เพ็ญ', 'user45', '5d0e7b83b83038bd90105b18db465b5c29f75421ea03b3adf3ba5458b119b537', '0850663017', '', '', '{"number":"","mu":"","village":"","alley":"","street":"","district":"","amphur":"","city":"","zip":""}', 0, '', '0000-00-00', '2017-04-28 16:00:55', 'enabled', '', '', '', '', 0),
(1, 5, 3, 86, '047', '2017-04-28 16:01:45', 'Mrs.', 'สมปอง', 'สุภาโภชน์', 0, 'เจ้ย', 'user47', '90a3a30677f5ff293321c18e059b3fd1098a28901283787a5e7b34ca7b5cb45d', '0614810712', '', '', '{"number":"","mu":"","village":"","alley":"","street":"","district":"","amphur":"","city":"","zip":""}', 0, '', '0000-00-00', '2017-04-28 16:01:45', 'enabled', '', '', '', '', 0),
(1, 5, 3, 87, '048', '2017-04-28 16:18:42', 'Ms.', 'สุนิสา', 'มาตหนองจอก', 0, 'นิสา', 'user48', '896d3c68a180d18fda3f5d96d49a746085587d2c45eb7cacda572f09391ac996', '0849558703', '', '', '{"number":"","mu":"","village":"","alley":"","street":"","district":"","amphur":"","city":"","zip":""}', 0, '', '0000-00-00', '2017-04-28 16:18:42', 'enabled', '', '', '', '', 0),
(1, 5, 3, 88, '049', '2017-04-28 16:19:14', 'Ms.', 'กอบแก้ว', 'บรรเรืองทอง', 0, 'แก้ว', 'user49', 'f3a44be1683868adac43c229f078ffdbbaf01d1411c4b28490d11c067bb35a93', '0817912742', '', '', '{"number":"","mu":"","village":"","alley":"","street":"","district":"","amphur":"","city":"","zip":""}', 0, '', '0000-00-00', '2017-04-28 16:19:14', 'enabled', '', '', '', '', 0),
(1, 5, 3, 89, '050', '2017-04-28 16:19:49', 'Ms.', 'สมจิตร', 'นามเขต', 0, 'จิตร', 'user50', 'c7474885f252f26783921c0259b161021747f8da23718749bd97ba2aeae0a3db', '0804551421', '', '', '{"number":"","mu":"","village":"","alley":"","street":"","district":"","amphur":"","city":"","zip":""}', 0, '', '0000-00-00', '2017-04-28 16:19:49', 'enabled', '', '', '', '', 0),
(1, 5, 3, 90, '051', '2017-04-28 16:29:14', 'Ms.', 'สังวาน', 'เกินขาวนา', 0, 'ฝ้าย', 'user51', '547f46f8e632d249be7899cebf2c6679698d0db854e5c535b4175155b7fe9995', '0992181808', '', '', '{"number":"","mu":"","village":"","alley":"","street":"","district":"","amphur":"","city":"","zip":""}', 0, '', '0000-00-00', '2017-04-28 16:29:14', 'enabled', '', '', '', '', 0),
(1, 5, 3, 91, '052', '2017-04-28 16:29:52', 'Ms.', 'คณิตา', 'พันไธสงค์', 0, 'ฝน', 'user52', 'cf5325b704f20f03522458aa08f02e4b9eaca44ed9fd4473a058b691f8e90af4', '0878323691', '', '', '{"number":"","mu":"","village":"","alley":"","street":"","district":"","amphur":"","city":"","zip":""}', 0, '', '0000-00-00', '2017-04-28 16:29:52', 'enabled', '', '', '', '', 0),
(1, 5, 3, 92, '053', '2017-04-28 16:46:14', 'Mrs.', 'ล้วน', 'ทาลุมพุก', 0, 'ล้วน', 'user53', '796a0b892e0abdd28699f6011a90f20adaa8584f05868b6638f354e9cd79e6e7', '0890346135', '', '', '{"number":"","mu":"","village":"","alley":"","street":"","district":"","amphur":"","city":"","zip":""}', 0, '', '0000-00-00', '2017-04-28 16:46:14', 'enabled', '', '', '', '', 0),
(1, 5, 3, 93, '054', '2017-04-28 16:49:56', 'Mrs.', 'วิมลวรรณ์', 'คลี่เกษร', 0, 'มน', 'user54', '1e60224c397d60d7f62f0836fe44b3ff82fdf1c578d73bbb6c465060ed850d6f', '0890660198', '', '', '{"number":"","mu":"","village":"","alley":"","street":"","district":"","amphur":"","city":"","zip":""}', 0, '', '0000-00-00', '2017-04-28 16:49:56', 'enabled', '', '', '', '', 0),
(1, 5, 3, 94, '055', '2017-04-28 16:58:48', 'Ms.', 'สายพิน', 'แสงดอกไม้', 0, 'พิน', 'user55', '01cb1697be74776235de6ad34023383d844b9ef22806bff8d0ccc4ab2675ea4e', '0990082118', '', '', '{"number":"","mu":"","village":"","alley":"","street":"","district":"","amphur":"","city":"","zip":""}', 0, '', '0000-00-00', '2017-04-28 16:58:48', 'enabled', '', '', '', '', 0),
(1, 5, 3, 95, '056', '2017-04-28 16:59:41', 'Ms.', 'ลำใย', 'นวนงาม', 0, 'ป้อม', 'user56', '20dc00ae7c133e006d3abf71441c316336a0f49f2b8016d8ebe13b336bce38d3', '0879927027', '', '', '{"number":"","mu":"","village":"","alley":"","street":"","district":"","amphur":"","city":"","zip":""}', 0, '', '0000-00-00', '2017-04-28 16:59:41', 'enabled', '', '', '', '', 0),
(1, 5, 3, 96, '057', '2017-04-28 17:00:14', 'Ms.', 'วรรณ', 'เก่งการ', 0, 'วดี', 'user57', 'b9d9b0ea3870fb3e06eb8dc9c26a147bbe10d93cc7ee057d2961b5d9297b1bbc', '0947925208', '', '', '{"number":"","mu":"","village":"","alley":"","street":"","district":"","amphur":"","city":"","zip":""}', 0, '', '0000-00-00', '2017-04-28 17:00:14', 'enabled', '', '', '', '', 0),
(1, 5, 3, 97, '058', '2017-04-28 17:00:54', 'Mrs.', 'สมปอง', 'สมจิตร', 0, 'สม', 'user58', '1bec2c1cff8865f134c29ba20ba1bf2fac34a1a6cc1b906d7ccf7d3dfa712998', '0843252198', '', '', '{"number":"","mu":"","village":"","alley":"","street":"","district":"","amphur":"","city":"","zip":""}', 0, '', '0000-00-00', '2017-04-28 17:00:54', 'enabled', '', '', '', '', 0),
(1, 5, 3, 98, '059', '2017-04-28 17:01:38', 'Ms.', 'สังวาลย์', 'บุบผาจันดี', 0, 'ปิ่น', 'user59', 'a9053ed76e553bcb17acc5aab146c96776c602c29c39ca8b7c6abaa2e9c3fad7', '0616296533', '', '', '{"number":"","mu":"","village":"","alley":"","street":"","district":"","amphur":"","city":"","zip":""}', 0, '', '0000-00-00', '2017-04-28 17:01:38', 'enabled', '', '', '', '', 0),
(1, 5, 3, 99, '060', '2017-04-28 17:02:23', 'Ms.', 'สุภาพร', 'ชาลี', 0, 'ต้น', 'user60', 'de1e8228a00cdda20e4ea211d8b0f4e3c1fdbff4efbaa8d68713b6efa0d6ce70', '0992247713', '', '', '{"number":"","mu":"","village":"","alley":"","street":"","district":"","amphur":"","city":"","zip":""}', 0, '', '0000-00-00', '2017-04-28 17:02:23', 'enabled', '', '', '', '', 0),
(1, 5, 3, 100, '061', '2017-04-28 17:03:34', 'Ms.', 'สมวงค์', 'ดุลพินิจ', 0, 'นิด', 'user61', 'c77e8bb6377732b7fa0a96531e2c7e46499fc37e944d39ce00b5582037248be2', '0617367786', '', '', '{"number":"","mu":"","village":"","alley":"","street":"","district":"","amphur":"","city":"","zip":""}', 0, '', '0000-00-00', '2017-04-28 17:03:34', 'enabled', '', '', '', '', 0),
(1, 5, 3, 101, '062', '2017-04-28 17:04:10', 'Ms.', 'ปราณี', 'แก้วน้ำ', 0, 'แล', 'user62', '70b959575dfcb551e824285c175c20e08d69b774d3f79d94aafb946889230b32', '0883101237', '', '', '{"number":"","mu":"","village":"","alley":"","street":"","district":"","amphur":"","city":"","zip":""}', 0, '', '0000-00-00', '2017-04-28 17:04:10', 'enabled', '', '', '', '', 0),
(1, 5, 3, 102, '063', '2017-04-28 17:04:53', 'Mrs.', 'ธนิดา', 'เกริกนิธิดล', 0, 'วงเดือน', 'user63', '7c02499af7827f86de58fe6b9df6c1bea86a21278639468d48d7c5b4fff57953', '0852995544', '', '', '{"number":"","mu":"","village":"","alley":"","street":"","district":"","amphur":"","city":"","zip":""}', 0, '', '0000-00-00', '2017-04-28 17:04:53', 'enabled', '', '', '', '', 0),
(1, 5, 3, 103, '064', '2017-04-28 17:08:02', 'Ms.', 'กวิสรา', 'ศิริสาร', 0, 'ช่อ', 'user64', 'cc283362d17c07627654c552bdee09fad61f96223b036ea068803db9fa4a8b21', '0936561836', '', '', '{"number":"","mu":"","village":"","alley":"","street":"","district":"","amphur":"","city":"","zip":""}', 0, '', '0000-00-00', '2017-04-28 17:08:02', 'enabled', '', '', '', '', 0),
(1, 5, 3, 104, '065', '2017-04-28 17:08:50', 'Mrs.', 'ประนอม', 'เติมสุข', 0, 'โรส', 'user65', 'fb677eb97eab458340ddfdf0e90f3c34e52c70de46d7d551205c9ca605458a2e', '0844523156', '', '', '{"number":"","mu":"","village":"","alley":"","street":"","district":"","amphur":"","city":"","zip":""}', 0, '', '0000-00-00', '2017-04-28 17:08:50', 'enabled', '', '', '', '', 0),
(1, 5, 3, 105, '067', '2017-04-28 17:09:40', 'Ms.', 'บังอร', 'ลิภา', 0, 'โอ๋', 'user67', 'd806c622f52f78c4a1ebd332f1d7943c020623d3b24982604252ab6e64d714ae', '0618265007', '', '', '{"number":"","mu":"","village":"","alley":"","street":"","district":"","amphur":"","city":"","zip":""}', 0, '', '0000-00-00', '2017-04-28 17:09:40', 'enabled', '', '', '', '', 0),
(1, 5, 3, 106, '068', '2017-04-28 17:25:38', 'Ms.', 'พรวัลย์', 'บุญมา', 0, 'ดา', 'user68', 'd3b97ad05719fc8bfb36ff23f3654ce12b72e2b5327cb80e007a33770585d813', '0617272667', '', '', '{"number":"","mu":"","village":"","alley":"","street":"","district":"","amphur":"","city":"","zip":""}', 0, '', '0000-00-00', '2017-04-28 17:25:38', 'enabled', '', '', '', '', 0),
(1, 5, 3, 107, '069', '2017-04-28 17:26:21', 'Mrs.', 'บุญจันทร์', 'สาระภีร์', 0, 'แนน', 'user69', '65d20a5fc444d2c8bbbf1a55e1fe1487d1b4307c4ea42ff5744ca846935fa3be', '0895178952', '', '', '{"number":"","mu":"","village":"","alley":"","street":"","district":"","amphur":"","city":"","zip":""}', 0, '', '0000-00-00', '2017-04-28 17:26:21', 'enabled', '', '', '', '', 0),
(1, 5, 3, 108, '070', '2017-04-28 17:27:01', 'Ms.', 'รัตติยา', 'สีระสาร', 0, 'กอง', 'user70', '3286a968590fba230e1368ad9309569f0f433744c34281951dc1715c7484b718', '0988801663', '', '', '{"number":"","mu":"","village":"","alley":"","street":"","district":"","amphur":"","city":"","zip":""}', 0, '', '0000-00-00', '2017-04-28 17:27:01', 'enabled', '', '', '', '', 0),
(1, 5, 3, 109, '071', '2017-04-28 17:31:29', 'Ms.', 'สาคร', 'กกกระโทก', 0, 'หรีด', 'user71', '946d64e41bfa8d95373029d567a10ea82cf3074d5cf8e843aea46afc6f690e98', '0946970700', '', '', '{"number":"","mu":"","village":"","alley":"","street":"","district":"","amphur":"","city":"","zip":""}', 0, '', '0000-00-00', '2017-04-28 17:31:29', 'enabled', '', '', '', '', 0),
(1, 5, 3, 110, '072', '2017-04-28 17:45:23', 'Mrs.', 'กรทัพย์', 'นาดอนดู่', 0, 'กร', 'user72', '5da7302201266b65d8d457007b18a6ff320177684c402d894d16ac447b1f6795', '0852399584', '', '', '{"number":"","mu":"","village":"","alley":"","street":"","district":"","amphur":"","city":"","zip":""}', 0, '', '0000-00-00', '2017-04-28 17:45:23', 'enabled', '', '', '', '', 0),
(1, 5, 3, 111, '073', '2017-04-28 17:46:23', 'Ms.', 'วาสนา', 'แสวงหา', 0, 'เป้ย', 'user73', '0b8461911bd649fa260baf3d540c275c1612dba540a0647fa296b2eae719d74f', '0983920521', '', '', '{"number":"","mu":"","village":"","alley":"","street":"","district":"","amphur":"","city":"","zip":""}', 0, '', '0000-00-00', '2017-04-28 17:46:23', 'enabled', '', '', '', '', 0),
(1, 5, 3, 112, '074', '2017-04-28 17:48:22', 'Mrs.', 'สุพรรณ', 'นาไชย', 0, 'พรรณ', 'user74', '4579dbbe88bdb71a67f8c4a55c82012a5481c625e21cd107ede6270381588c78', '0860612427', '', '', '{"number":"","mu":"","village":"","alley":"","street":"","district":"","amphur":"","city":"","zip":""}', 0, '', '0000-00-00', '2017-04-28 17:48:22', 'enabled', '', '', '', '', 0),
(1, 5, 3, 113, '075', '2017-04-28 17:49:02', 'Ms.', 'พัชรินทร์', 'พิมพ์สอน', 0, 'ต๊ะ', 'user75', 'f2f2f6daf83533f1f072a6026bdef8606f06cd010dbaf2842f4aa1ac61411d45', '0861122289', '', '', '{"number":"","mu":"","village":"","alley":"","street":"","district":"","amphur":"","city":"","zip":""}', 0, '', '0000-00-00', '2017-04-28 17:49:02', 'enabled', '', '', '', '', 0),
(1, 5, 3, 114, '076', '2017-04-29 14:07:03', 'Ms.', 'ประภา', 'จันทร์เขียว', 0, 'ต๋อม', 'user76', '060e1344608e2342e294d92d005955c9e6255dc07f0cf2caef65ceebbb351248', '0945809791', '', '', '{"number":"","mu":"","village":"","alley":"","street":"","district":"","amphur":"","city":"","zip":""}', 0, '', '0000-00-00', '2017-04-29 14:07:03', 'enabled', '', '', '', '', 0),
(1, 5, 3, 115, '077', '2017-04-29 14:09:09', 'Mrs.', 'วลัยลักษณ์', 'ครึ่งสนาม', 0, 'ต้อย', 'user77', 'abbe48a5c8dbd3e5ed81fcb7cc5180f1f7df778fc84b5397e547a719254cef3a', '0817037236', '', '', '{"number":"","mu":"","village":"","alley":"","street":"","district":"","amphur":"","city":"","zip":""}', 0, '', '0000-00-00', '2017-04-29 14:09:09', 'enabled', '', '', '', '', 0),
(1, 5, 3, 116, '078', '2017-04-29 14:14:03', 'Ms.', 'ศิริ', 'บุญญา', 0, 'ศิริ', 'user78', '6e41199677061c0f0e11c9e57d9f411648912a92e6fbba242020c2d05599c713', '0949494898', '', '', '{"number":"","mu":"","village":"","alley":"","street":"","district":"","amphur":"","city":"","zip":""}', 0, '', '0000-00-00', '2017-04-29 14:14:03', 'enabled', '', '', '', '', 0),
(1, 5, 3, 117, '079', '2017-04-29 14:14:38', 'Ms.', 'วาสนา', 'หินชุย', 0, 'วาส', 'user79', '49449a046d5999e462767314226ddac5321c5dbc7cb80068fda68646562e1529', '0621251373', '', '', '{"number":"","mu":"","village":"","alley":"","street":"","district":"","amphur":"","city":"","zip":""}', 0, '', '0000-00-00', '2017-04-29 14:14:38', 'enabled', '', '', '', '', 0),
(1, 5, 3, 118, '080', '2017-04-29 14:17:34', 'Ms.', 'ลำจวน', 'สาสอน', 0, 'เตียง', 'user80', 'd2fee84965fc7ff973f008d6a6ab930d81128d20058a52d01b91ba5fc7b80b9f', '0814911676', '', '', '{"number":"","mu":"","village":"","alley":"","street":"","district":"","amphur":"","city":"","zip":""}', 0, '', '0000-00-00', '2017-04-29 14:17:34', 'enabled', '', '', '', '', 0),
(1, 5, 3, 119, '081', '2017-04-29 14:18:11', 'Ms.', 'ฐิศิรักษ์', 'พันธ์ลา', 0, 'บี', 'user81', 'b702f512b41810e2b6ea83f466b57e5837dfd19b297c5738bd33310670b33dd6', '0957020055', '', '', '{"number":"","mu":"","village":"","alley":"","street":"","district":"","amphur":"","city":"","zip":""}', 0, '', '0000-00-00', '2017-04-29 14:18:11', 'enabled', '', '', '', '', 0),
(1, 5, 3, 120, '082', '2017-04-29 14:18:53', 'Ms.', 'ศิริญญา', 'แสงก้อน', 0, 'หน่อย', 'user82', '89749ac0d9bf3d3d23645f582b15b348dc3ce409499a405156bafa0ee8e9f8a4', '0890582851', '', '', '{"number":"","mu":"","village":"","alley":"","street":"","district":"","amphur":"","city":"","zip":""}', 0, '', '0000-00-00', '2017-04-29 14:18:53', 'enabled', '', '', '', '', 0),
(1, 5, 3, 121, '083', '2017-04-29 14:19:49', 'Ms.', 'อภิญญา', 'สิทธิจันทร์', 0, 'แฟน', 'user83', '9ac7c3afbd0b70dabedc0484524b4c75591722c80351c75f67711a3f10f972fc', '0632577335', '', '', '{"number":"","mu":"","village":"","alley":"","street":"","district":"","amphur":"","city":"","zip":""}', 0, '', '0000-00-00', '2017-04-29 14:19:49', 'enabled', '', '', '', '', 0),
(1, 5, 3, 122, '084', '2017-04-29 14:20:23', 'Mrs.', 'ปริษา', 'ภูริธนวงศา', 0, 'ภู', 'user84', '25f8c0d6443c9c5d8b342a6c1a208600109806331836d110b37f281ebb7fe145', '0860033326', '', '', '{"number":"","mu":"","village":"","alley":"","street":"","district":"","amphur":"","city":"","zip":""}', 0, '', '0000-00-00', '2017-04-29 14:20:23', 'enabled', '', '', '', '', 0),
(1, 5, 3, 123, '085', '2017-04-29 14:20:56', 'Mrs.', 'สุภาพ', 'สระแก้ว', 0, 'หนอม', 'user85', '5afe62197289d935467f82ea5225e7cb30494a310a21ebd0afe985bacb685c78', '0870310613', '', '', '{"number":"","mu":"","village":"","alley":"","street":"","district":"","amphur":"","city":"","zip":""}', 0, '', '0000-00-00', '2017-04-29 14:20:56', 'enabled', '', '', '', '', 0),
(1, 5, 3, 124, '087', '2017-04-29 14:21:56', 'Mrs.', 'ประนอม', 'เนืองนันท์', 0, 'นอม', 'user87', 'e564fbe0d474faf90e3923fe8fe537f84c64586bafca84206bac5d5aa449c9eb', '', '', '', '{"number":"","mu":"","village":"","alley":"","street":"","district":"","amphur":"","city":"","zip":""}', 0, '', '0000-00-00', '2017-04-29 14:21:56', 'enabled', '', '', '', '', 0),
(1, 5, 3, 125, '088', '2017-04-29 14:22:30', 'Mrs.', 'ภัคจิรา', 'มืดทัพไทย', 0, 'น้ำค้าง', 'user88', 'cdc76fe51d057c3f935b3532f0950918b9cb85e22e6ead4786fea625ff3aa603', '0879705116', '', '', '{"number":"","mu":"","village":"","alley":"","street":"","district":"","amphur":"","city":"","zip":""}', 0, '', '0000-00-00', '2017-04-29 14:22:30', 'enabled', '', '', '', '', 0),
(1, 5, 3, 126, '089', '2017-04-29 14:23:17', 'Ms.', 'นงนภัส', 'เดชวิทยาคูณ', 0, 'เอ็ม', 'user89', '333f9e67f99979fd98f541c8e1dfa01cf285a1befc306cfa067c0010dcf38807', '0808028055', '', '', '{"number":"","mu":"","village":"","alley":"","street":"","district":"","amphur":"","city":"","zip":""}', 0, '', '0000-00-00', '2017-04-29 14:23:17', 'enabled', '', '', '', '', 0),
(1, 5, 3, 127, '090', '2017-04-29 14:24:02', 'Ms.', 'คำพอง', 'ภูแก้ว', 0, 'อุ้ม', 'user90', 'bfdc43917f36c99ca7487828dfb21740a418b96a67f84a983d894e47269ece28', '0623909934', '', '', '{"number":"","mu":"","village":"","alley":"","street":"","district":"","amphur":"","city":"","zip":""}', 0, '', '0000-00-00', '2017-04-29 14:24:02', 'enabled', '', '', '', '', 0),
(1, 5, 3, 128, '093', '2017-04-29 14:24:53', 'Ms.', 'ฉวี', 'บุญลี', 0, 'ฉวี', 'user93', '9bd9b5232f378d0edaf2c0a477b14cc0b46557a8e7db779213106b764414ea0d', '0860413575', '', '', '{"number":"","mu":"","village":"","alley":"","street":"","district":"","amphur":"","city":"","zip":""}', 0, '', '0000-00-00', '2017-04-29 14:24:53', 'enabled', '', '', '', '', 0),
(1, 5, 3, 129, '094', '2017-04-29 14:25:30', 'Ms.', 'ศิรินัน', 'สังบัวดง', 0, 'เน', 'user94', '07766c6d4017db860e781f6f6f0c3eac524c960ce0f86cfb56d14fdf1f9bd082', '0879292348', '', '', '{"number":"","mu":"","village":"","alley":"","street":"","district":"","amphur":"","city":"","zip":""}', 0, '', '0000-00-00', '2017-04-29 14:25:30', 'enabled', '', '', '', '', 0),
(1, 5, 3, 130, '097', '2017-04-29 14:26:15', 'Ms.', 'สมร', 'โครตชมภู', 0, 'มอญ', 'user97', 'db97d58b4cc72e5ea5e484977f43207715a8eecc91bec2d08d04feaa7d0aeb26', '0845732479', '', '', '{"number":"","mu":"","village":"","alley":"","street":"","district":"","amphur":"","city":"","zip":""}', 0, '', '0000-00-00', '2017-04-29 14:26:15', 'enabled', '', '', '', '', 0),
(1, 5, 3, 131, '098', '2017-04-29 14:27:18', 'Mrs.', 'คณิตา', 'สุวรรณวงศ์', 0, 'ฟ้า', 'user98', '4b5fbfc8878547a014288227e234ee40ee3caf078ef87e178a19cf2d0fab30cd', '0859022506', '', '', '{"number":"","mu":"","village":"","alley":"","street":"","district":"","amphur":"","city":"","zip":""}', 0, '', '0000-00-00', '2017-04-29 14:27:18', 'enabled', '', '', '', '', 0),
(1, 5, 3, 132, '099', '2017-04-29 14:28:41', 'Ms.', 'บุญเกิด', 'มูลรัตน์', 0, 'เกิด', 'user99', '69914d20d81be31780e2ed6dd88dfaf4bdda833f1d872a80144900928f04e08f', '0970787137', '', '', '{"number":"","mu":"","village":"","alley":"","street":"","district":"","amphur":"","city":"","zip":""}', 0, '', '0000-00-00', '2017-04-29 14:28:41', 'enabled', '', '', '', '', 0),
(1, 5, 3, 133, '104', '2017-04-29 14:34:59', 'Ms.', 'ณัฐรดา', 'สุดาจันทร์', 0, 'แตน', 'user104', 'cd82a4961c6b4943688fc63ee4ca37ac3ac9090a2224d9f85f30ae2fa74c0e89', '0804476075', '', '', '{"number":"","mu":"","village":"","alley":"","street":"","district":"","amphur":"","city":"","zip":""}', 0, '', '0000-00-00', '2017-04-29 14:34:59', 'enabled', '', '', '', '', 0),
(1, 5, 3, 134, '105', '2017-04-29 14:35:49', 'Mrs.', 'ธนวรรณ', 'ชอบใจ', 0, 'สาคร', 'user105', '287dc797a3dbcba58c78eff9c7fcc13df26fa1577aa9206ba22d6b0b1f57b87b', '0831651295', '', '', '{"number":"","mu":"","village":"","alley":"","street":"","district":"","amphur":"","city":"","zip":""}', 0, '', '0000-00-00', '2017-04-29 14:35:49', 'enabled', '', '', '', '', 0),
(1, 5, 3, 135, '109', '2017-04-29 14:36:37', 'Ms.', 'นภาพร', 'หงษ์ศรีจันทร์', 0, 'ตุ๋ม', 'user109', 'ba9e0b90f1a00d9a0692dd155c078021afe1874b43c24cab36cc8f4b9fea467f', '0870321127', '', '', '{"number":"","mu":"","village":"","alley":"","street":"","district":"","amphur":"","city":"","zip":""}', 0, '', '0000-00-00', '2017-04-29 14:36:37', 'enabled', '', '', '', '', 0),
(1, 5, 3, 136, '111', '2017-04-29 14:37:19', 'Ms.', 'จอมใจ', 'ลิภา', 0, 'จอน', 'user111', '7550845dfd36ca98772558657f0d47798186e32abdfc708ea997eb669fa55e14', '0817237634', '', '', '{"number":"","mu":"","village":"","alley":"","street":"","district":"","amphur":"","city":"","zip":""}', 0, '', '0000-00-00', '2017-04-29 14:37:19', 'enabled', '', '', '', '', 0),
(1, 5, 3, 137, '115', '2017-04-29 14:38:12', 'Mrs.', 'บุญโฮม', 'สีโท', 0, 'ปู', 'user115', 'ce07794e1ce0a502ccc95c4253c48b1f0430295c2636dd6ab8911ce9fcdb1ead', '0890311959', '', '', '{"number":"","mu":"","village":"","alley":"","street":"","district":"","amphur":"","city":"","zip":""}', 0, '', '0000-00-00', '2017-04-29 14:38:12', 'enabled', '', '', '', '', 0),
(1, 5, 3, 138, '116', '2017-04-29 14:38:55', 'Ms.', 'บุษกร', 'วิลัยริด', 0, 'บุษกร', 'user116', 'b5b26607cd90cfbb0c8666304ebceedf4ae3a14fc0c3dd20dea5161083e99c75', '0888481749', '', '', '{"number":"","mu":"","village":"","alley":"","street":"","district":"","amphur":"","city":"","zip":""}', 0, '', '0000-00-00', '2017-04-29 14:38:55', 'enabled', '', '', '', '', 0),
(1, 5, 3, 139, '117', '2017-04-29 14:39:41', 'Ms.', 'ดารุณี', 'สมดี', 0, 'แพท', 'user117', 'e8c8cd7d5587a7160cd3ceea59b111fc3b9badbfdb7604414d5ab311226a60d8', '0924701139', '', '', '{"number":"","mu":"","village":"","alley":"","street":"","district":"","amphur":"","city":"","zip":""}', 0, '', '0000-00-00', '2017-04-29 14:39:41', 'enabled', '', '', '', '', 0),
(1, 5, 3, 140, '120', '2017-04-29 14:40:21', 'Mrs.', 'สังวาลย์', 'บัวจัด', 0, 'สังวาล', 'user120', '7f75c0b5205fc7deb718e28f01d303a651d5287c49b9c607a3b6d85d37f5a997', '0897745498', '', '', '{"number":"","mu":"","village":"","alley":"","street":"","district":"","amphur":"","city":"","zip":""}', 0, '', '0000-00-00', '2017-04-29 14:40:21', 'enabled', '', '', '', '', 0),
(1, 5, 3, 141, '123', '2017-04-29 14:40:56', 'Ms.', 'กฤติยา', 'สีระสาร', 0, 'เนย', 'user123', '4f814de0cb35b6656fd52ee8997dffedbe9ef9bed77762a0f5a1fd7ceaa5cd61', '0613126003', '', '', '{"number":"","mu":"","village":"","alley":"","street":"","district":"","amphur":"","city":"","zip":""}', 0, '', '0000-00-00', '2017-04-29 14:40:56', 'enabled', '', '', '', '', 0),
(1, 5, 3, 142, '127', '2017-04-29 14:42:54', 'Ms.', 'นางทินกร', 'ถาวะโร', 0, 'นัท', 'user127', 'e590abdd7ca362eb02d1120d8be579607fcb3de86919f395b940da394287b8e0', '0952543980', '', '', '{"number":"","mu":"","village":"","alley":"","street":"","district":"","amphur":"","city":"","zip":""}', 0, '', '0000-00-00', '2017-04-29 14:42:54', 'enabled', '', '', '', '', 0),
(1, 5, 3, 143, '128', '2017-04-29 14:54:35', 'Ms.', 'ณันท์นภัส', 'คุตนาม', 0, 'ภา', 'user128', '3156d73463618a60f2a115b1378a4b5bf4616a742f6c31755c997ddd5092596f', '0817747422', '', '', '{"number":"","mu":"","village":"","alley":"","street":"","district":"","amphur":"","city":"","zip":""}', 0, '', '0000-00-00', '2017-04-29 14:54:35', 'enabled', '', '', '', '', 0),
(1, 5, 3, 144, '129', '2017-04-29 14:56:55', 'Ms.', 'ละมัย', 'พิมพ์ทอง', 0, 'ละมัย', 'user129', 'b25049aed49ba7f9bf4bc1d227b06b0247d915a59f779d34f9425c0a43a67f8f', '0870579288', '', '', '{"number":"","mu":"","village":"","alley":"","street":"","district":"","amphur":"","city":"","zip":""}', 0, '', '0000-00-00', '2017-04-29 14:56:55', 'enabled', '', '', '', '', 0),
(1, 5, 3, 145, '130', '2017-04-29 15:04:43', 'Ms.', 'จารุวรรณ', 'ทาวงษ์', 0, 'แอ้ว', 'user130', 'eea8e1c8f85860f099be22ba7740316490b6326b8a66f3fb65c7a70bac58fd57', '0897977684', '', '', '{"number":"","mu":"","village":"","alley":"","street":"","district":"","amphur":"","city":"","zip":""}', 0, '', '0000-00-00', '2017-04-29 15:04:43', 'enabled', '', '', '', '', 0),
(1, 5, 3, 146, '141', '2017-04-29 15:27:33', 'Ms.', 'รัชนี', 'ศรีกัน', 0, 'รัชนี', 'user141', '8e910719e084d36c26de67477d57d3bbf71ec2c2c529501bb75ab1341884f721', '0890110747', '', '', '{"number":"","mu":"","village":"","alley":"","street":"","district":"","amphur":"","city":"","zip":""}', 0, '', '0000-00-00', '2017-04-29 15:27:33', 'enabled', '', '', '', '', 0),
(1, 5, 3, 147, '143', '2017-04-29 15:31:27', 'Ms.', 'ดวง', 'ยางงาม', 0, 'กุ๊ก', 'user143', 'b61559935d8367a4ef5a4f01ea41afe8e48748442508a11b1c09688f1cb7e036', '0846381521', '', '', '{"number":"","mu":"","village":"","alley":"","street":"","district":"","amphur":"","city":"","zip":""}', 0, '', '0000-00-00', '2017-04-29 15:31:27', 'enabled', '', '', '', '', 0),
(1, 5, 3, 148, '144', '2017-04-29 15:32:08', 'Ms.', 'สาคร', 'ศรีจันทร์', 0, 'เอ้', 'user144', 'a7c919c075d6b39f1386f36d774fbd12362f71e6ddf10b5c9f3239339cd90c73', '0952460914', '', '', '{"number":"","mu":"","village":"","alley":"","street":"","district":"","amphur":"","city":"","zip":""}', 0, '', '0000-00-00', '2017-04-29 15:32:08', 'enabled', '', '', '', '', 0),
(1, 5, 3, 149, '145', '2017-04-29 15:32:58', 'Ms.', 'นิยม', 'ผลรักษ์', 0, 'หวาน', 'user145', 'e82913805b7ec661f6e9492838948a9a1e9e67d7a94930cf35c48023fe9d57fd', '0892196741', '', '', '{"number":"","mu":"","village":"","alley":"","street":"","district":"","amphur":"","city":"","zip":""}', 0, '', '0000-00-00', '2017-04-29 15:32:58', 'enabled', '', '', '', '', 0),
(1, 5, 3, 150, '148', '2017-04-29 15:38:03', 'Ms.', 'สำลี', 'แก้วพวง', 0, 'ปุ่น', 'user148', 'a254c3b691dcc50821ca8d6bed8ec36262f0f919e6b3e72c7381e5c4d1c3b84a', '0891193532', '', '', '{"number":"","mu":"","village":"","alley":"","street":"","district":"","amphur":"","city":"","zip":""}', 0, '', '0000-00-00', '2017-04-29 15:38:03', 'enabled', '', '', '', '', 0),
(1, 5, 3, 151, '170', '2017-04-29 15:51:49', 'Ms.', 'ละไม', 'สังบัวดง', 0, 'ปุ้ม', 'user170', '1dfa080e90b7f7243462298e012cddd33a2dca7d265a13cf10b264da3001e74e', '0928426815', '', '', '{"number":"","mu":"","village":"","alley":"","street":"","district":"","amphur":"","city":"","zip":""}', 0, '', '0000-00-00', '2017-04-29 15:51:49', 'enabled', '', '', '', '', 0),
(1, 5, 3, 152, '172', '2017-04-29 15:52:19', 'Ms.', 'หยัน', 'กมล', 0, 'ยัน', 'user172', '1f0f0fe0b35f633370ed2180f8a34d1a2fdc6abc08c68e9c7ea214c809cdc438', '0811967836', '', '', '{"number":"","mu":"","village":"","alley":"","street":"","district":"","amphur":"","city":"","zip":""}', 0, '', '0000-00-00', '2017-04-29 15:52:19', 'enabled', '', '', '', '', 0),
(1, 5, 3, 153, '185', '2017-04-29 15:56:04', 'Ms.', 'จันทร์เพ็ง', 'กาฬเนตร', 0, 'ก้าน', 'user185', '27fc30b5b41e11266838c0cb0a41db624e6b60a9e790c8a172f65e6a2e58f5a0', '0613461788', '', '', '{"number":"","mu":"","village":"","alley":"","street":"","district":"","amphur":"","city":"","zip":""}', 0, '', '0000-00-00', '2017-04-29 15:56:04', 'enabled', '', '', '', '', 0),
(1, 5, 3, 154, '189', '2017-04-29 15:58:08', 'Mrs.', 'อุไรวรรณ์', 'บุญไทย', 0, 'ก้าน', 'user189', '92860c3388e1f9d65949af8350352b8b3aa7954546066b4a6c177d463d329f03', '0875025879', '', '', '{"number":"","mu":"","village":"","alley":"","street":"","district":"","amphur":"","city":"","zip":""}', 0, '', '0000-00-00', '2017-04-29 15:58:08', 'enabled', '', '', '', '', 0),
(1, 5, 3, 155, '191', '2017-04-29 16:02:58', 'Mrs.', 'นุกูล', 'แสนแป้', 0, 'แต', 'user191', 'd178a4b51fefe86f3ebc810dad644949ef4a617ab8753a38889c3244c5ab4629', '0847563176', '', '', '{"number":"","mu":"","village":"","alley":"","street":"","district":"","amphur":"","city":"","zip":""}', 0, '', '0000-00-00', '2017-04-29 16:02:58', 'enabled', '', '', '', '', 0),
(1, 5, 3, 156, '192', '2017-04-29 16:03:31', 'Mrs.', 'หนูภาพ', 'เพ็งปอภาร', 0, 'ภาพ', 'user192', 'c2f45b05d52a8fb253334cbb26d101c8edd81524fea87cf889f30e55c6eec10f', '0894540590', '', '', '{"number":"","mu":"","village":"","alley":"","street":"","district":"","amphur":"","city":"","zip":""}', 0, '', '0000-00-00', '2017-04-29 16:03:31', 'enabled', '', '', '', '', 0),
(1, 5, 3, 157, '193', '2017-04-29 16:04:47', 'Ms.', 'งามพิศ', 'ใจหาญ', 0, 'พิศ', 'user193', '5bf7b349fcd046a06ab0dbba04d9d09b30f437b0635b8a4e81a02dc97fa27897', '0846995582', '', '', '{"number":"","mu":"","village":"","alley":"","street":"","district":"","amphur":"","city":"","zip":""}', 0, '', '0000-00-00', '2017-04-29 16:04:47', 'enabled', '', '', '', '', 0),
(1, 5, 3, 158, '194', '2017-04-29 16:05:21', 'Mrs.', 'ปุณณภา', 'หินซุย', 0, 'ดาว', 'user194', '1d3e2c69b4b0cfc878c1e434c36f0d123c776bc0446a6510f30ef85f9c33893d', '0616216133', '', '', '{"number":"","mu":"","village":"","alley":"","street":"","district":"","amphur":"","city":"","zip":""}', 0, '', '0000-00-00', '2017-04-29 16:05:21', 'enabled', '', '', '', '', 0),
(1, 5, 4, 159, 'P001', '2017-04-29 16:15:55', 'Ms.', 'สุดาลักษณ์', 'ครึ่งสนาม', 0, 'ศรี', 'userp1', '38812bcc16d86597ed653aee3e8fbb69b73b489e4975a5138024b70d12dbf564', '0807821014', '', '', '{"number":"","mu":"","village":"","alley":"","street":"","district":"","amphur":"","city":"","zip":""}', 0, '', '0000-00-00', '2017-05-03 17:20:54', 'enabled', '', '', '', '', 0),
(1, 5, 4, 160, 'P002', '2017-04-29 16:24:30', 'Ms.', 'กนกกร', 'นาดอนดู่', 0, 'ยอ', 'userp2', 'd60a535501b48c3a4ec2ef118501bb84456caa7b92ece91f098740996191e072', '0872187199', '', '', '{"number":"","mu":"","village":"","alley":"","street":"","district":"","amphur":"","city":"","zip":""}', 0, '', '0000-00-00', '2017-05-03 17:20:40', 'enabled', '', '', '', '', 0),
(1, 5, 4, 161, 'P005', '2017-04-29 16:26:21', 'Ms.', 'ศิริวรรณ', 'ผิวงาม', 0, 'กุ้ง', 'userp5', '97a1d0c99b7eecdeb226a6496f22faae014925f2321992186e93c0c652838e6d', '0933580668', '', '', '{"number":"","mu":"","village":"","alley":"","street":"","district":"","amphur":"","city":"","zip":""}', 0, '', '0000-00-00', '2017-05-03 17:20:19', 'enabled', '', '', '', '', 0),
(1, 5, 4, 162, 'P006', '2017-04-29 16:27:16', 'Ms.', 'สุพัตรา', 'ครึ่งสนาม', 0, 'ลี', 'userp6', '9ec4c974b50693556524f0472dac49414389f610dbf1dbaaeb86d82df397abe2', '0984516795', '', '', '{"number":"","mu":"","village":"","alley":"","street":"","district":"","amphur":"","city":"","zip":""}', 0, '', '0000-00-00', '2017-05-03 17:20:01', 'enabled', '', '', '', '', 0),
(1, 5, 4, 163, 'P007', '2017-04-29 16:29:24', 'Ms.', 'สุมินตรา', 'สีโสดา', 0, 'มิน', 'userp7', '15f0ed98ac9fb5dee5bbf2d9e82d2dc0b576bdf47328c07803283b3a4c462396', '', '', '', '{"number":"","mu":"","village":"","alley":"","street":"","district":"","amphur":"","city":"","zip":""}', 0, '', '0000-00-00', '2017-05-03 17:19:50', 'enabled', '', '', '', '', 0),
(1, 5, 4, 164, 'P008', '2017-04-29 16:29:57', 'Ms.', 'จิราภรณ์', 'ขำจิตร', 0, 'แป้ง', 'userp8', 'defb07ae32ab372a5f7dd906ec0964538366aa85dc31ee08b0cfb88c61f2a506', '', '', '', '{"number":"","mu":"","village":"","alley":"","street":"","district":"","amphur":"","city":"","zip":""}', 0, '', '0000-00-00', '2017-05-03 17:19:42', 'enabled', '', '', '', '', 0),
(1, 5, 4, 165, 'P009', '2017-04-29 16:31:36', 'Ms.', 'ณิชาภา', 'สุภาโภชน์', 0, 'แพร', 'userp9', '55d524c4d67ea7fa15d1f1b058fa39e3936d876b9bbd6029f112160bda0c31b2', '', '', '', '{"number":"","mu":"","village":"","alley":"","street":"","district":"","amphur":"","city":"","zip":""}', 0, '', '0000-00-00', '2017-05-03 17:19:20', 'enabled', '', '', '', '', 0),
(1, 5, 4, 166, 'P010', '2017-04-29 16:32:19', 'Ms.', 'นิตยา', 'กองกันยา', 0, 'ออง', 'userp10', '50cc72e23b2c8b0decb19510fe233c7ead5c2aa022c422be9070f492467b303c', '', '', '', '{"number":"","mu":"","village":"","alley":"","street":"","district":"","amphur":"","city":"","zip":""}', 0, '', '0000-00-00', '2017-05-03 17:18:54', 'enabled', '', '', '', '', 0),
(1, 5, 4, 167, 'P011', '2017-04-29 16:33:51', 'Ms.', 'สุพัฒนา', 'มูลสุวรรณ', 0, 'เหมย', 'userp11', 'ed7103af4f2cce3ee8747c0ff42d7dd811d457e44d7541a4c4fa48ea44d7abbe', '0630076353', '', '', '{"number":"","mu":"","village":"","alley":"","street":"","district":"","amphur":"","city":"","zip":""}', 0, '', '0000-00-00', '2017-05-03 17:18:45', 'enabled', '', '', '', '', 0);
INSERT INTO `employees` (`emp_dealer_id`, `emp_dep_id`, `emp_pos_id`, `emp_id`, `emp_code`, `emp_created`, `emp_prefix_name`, `emp_first_name`, `emp_last_name`, `emp_image_id`, `emp_nickname`, `emp_username`, `emp_password`, `emp_phone_number`, `emp_email`, `emp_line_id`, `emp_address`, `emp_city_id`, `emp_zip`, `emp_birthday`, `emp_updated`, `emp_display`, `emp_notes`, `emp_mode`, `emp_lang`, `emp_permission`, `emp_online`) VALUES
(1, 5, 4, 168, 'P012', '2017-04-29 16:34:22', 'Ms.', 'ขนิษฐา', 'ผิวงาม', 0, 'เย็น', 'userp12', 'f33eaac3e4ecbc55765b4318e8f0d65e3900d21d7ebd60654e82c02f971a8b26', '0966792619', '', '', '{"number":"","mu":"","village":"","alley":"","street":"","district":"","amphur":"","city":"","zip":""}', 0, '', '0000-00-00', '2017-05-03 17:18:39', 'enabled', '', '', '', '', 0),
(1, 5, 4, 169, 'P014', '2017-04-29 16:35:19', 'Ms.', 'ธัญชนก', 'อ่อนคะตา', 0, 'นุ่น', 'userp14', '32e4f5a0bee9af135007cfd01fe1081ce07027c864a5fdf2a4f41d7792d78ea8', '', '', '', '{"number":"","mu":"","village":"","alley":"","street":"","district":"","amphur":"","city":"","zip":""}', 0, '', '0000-00-00', '2017-05-03 17:18:32', 'enabled', '', '', '', '', 0),
(1, 5, 4, 170, 'P015', '2017-04-29 16:35:48', 'Ms.', 'อรวรรณ', 'ชั้นกระโทก', 0, 'ออย', 'userp15', '23a6b7f2ff9e9f03dccbbfefcdc897103ef2452989743934bb3c0ff85b4f9cc9', '', '', '', '{"number":"","mu":"","village":"","alley":"","street":"","district":"","amphur":"","city":"","zip":""}', 0, '', '0000-00-00', '2017-05-03 17:18:23', 'enabled', '', '', '', '', 0),
(1, 5, 4, 171, 'P017', '2017-04-29 16:36:21', 'Ms.', 'สลิลทิพย์', 'ศรีไสล', 0, 'ลิล', 'userp17', '73a65af9db29501bb6cf2b3041b5d9915b184adcdbe5e4c6888f61a7303f202a', '', '', '', '{"number":"","mu":"","village":"","alley":"","street":"","district":"","amphur":"","city":"","zip":""}', 0, '', '0000-00-00', '2017-05-03 17:18:15', 'enabled', '', '', '', '', 0),
(1, 5, 5, 172, 'B001', '2017-04-29 16:37:57', 'Ms.', 'จารุวรรณ', 'บุญยา', 0, 'หญิง', 'userb1', '12c3261cab36525acf715e0eb5d4b6dc758eddcf3d335d47ccd7acaeccb81aad', '0928863798', '', '', '{"number":"","mu":"","village":"","alley":"","street":"","district":"","amphur":"","city":"","zip":""}', 0, '', '0000-00-00', '2017-05-03 17:16:39', 'enabled', '', '', '', '', 0),
(1, 5, 5, 173, 'B002', '2017-04-29 16:41:58', 'Ms.', 'อรนิภา', 'กลีบจำปี', 0, 'แป้ง', 'userb2', '0eda971146397f22fc574de2d19c30dfd928027081f1f137044c6788a75a5fce', '0870973453', '', '', '{"number":"","mu":"","village":"","alley":"","street":"","district":"","amphur":"","city":"","zip":""}', 0, '', '0000-00-00', '2017-05-03 17:10:32', 'enabled', '', '', '', '', 0),
(1, 5, 5, 174, 'B003', '2017-04-29 16:42:52', 'Ms.', 'นิรวรรณ', 'ไชยสุระ', 0, 'ปลาย', 'userb3', '88188d49c2d1eb58de960a6c135398a3a564a5e9bdfd3eeffbbc5bb98172c176', '0892552825', '', '', '{"number":"","mu":"","village":"","alley":"","street":"","district":"","amphur":"","city":"","zip":""}', 0, '', '0000-00-00', '2017-05-03 17:16:43', 'enabled', '', '', '', '', 0),
(1, 5, 5, 175, 'B004', '2017-04-29 16:43:35', 'Ms.', 'กลมทิพย์', 'ไชยนาน', 0, 'ยุ้ย', 'userb4', '80c22f314970af4e50fe6e1bdbb976f0b15ef4cd0b8e7022a54b4e96267074d6', '0998940866', '', '', '{"number":"","mu":"","village":"","alley":"","street":"","district":"","amphur":"","city":"","zip":""}', 0, '', '0000-00-00', '2017-05-03 17:10:23', 'enabled', '', '', '', '', 0),
(1, 5, 5, 176, 'B005', '2017-04-29 16:44:27', 'Ms.', 'จินตนา', 'จันทร์ดิษฐ์', 0, 'พลอย', 'userb5', '8eb8cd58d5221731b8b76a6433db637b4c64c0e6947d0876510543cac22b1fc7', '0884956634', '', '', '{"number":"","mu":"","village":"","alley":"","street":"","district":"","amphur":"","city":"","zip":""}', 0, '', '0000-00-00', '2017-05-03 17:10:13', 'enabled', '', '', '', '', 0),
(1, 5, 5, 177, 'B006', '2017-04-29 16:45:13', 'Mrs.', 'มุกดา', 'ประตัง', 0, 'มุกดา', 'userb6', 'cc38609f9fc9e6827f297d3799df282bf06ce195ce00f2c0a3a631188001c6ac', '0615944806', '', '', '{"number":"","mu":"","village":"","alley":"","street":"","district":"","amphur":"","city":"","zip":""}', 0, '', '0000-00-00', '2017-05-03 17:10:07', 'enabled', '', '', '', '', 0),
(1, 5, 5, 178, 'B007', '2017-04-29 16:46:05', 'Ms.', 'พรรษ์ปภัสสร์', 'วงษ์เคน', 0, 'อั๋น', 'userb7', 'b7cbe5f9c9fd59d3b527898e6fcf0959064e70d73f75f295cd1c480435bbfb66', '0845221469', '', '', '{"number":"","mu":"","village":"","alley":"","street":"","district":"","amphur":"","city":"","zip":""}', 0, '', '0000-00-00', '2017-05-03 17:09:57', 'enabled', '', '', '', '', 0),
(1, 5, 5, 179, 'B008', '2017-04-29 16:47:08', 'Ms.', 'นภาพร', 'ชวนรัมย์', 0, 'ติ๊ก', 'userb8', '62d4a81846f440bcf6202253def14ee9f07cb8aee12cde36e36009eac192ce01', '0852527968', '', '', '{"number":"","mu":"","village":"","alley":"","street":"","district":"","amphur":"","city":"","zip":""}', 0, '', '0000-00-00', '2017-05-03 17:09:50', 'enabled', '', '', '', '', 0),
(1, 5, 5, 180, 'B009', '2017-04-29 16:47:48', 'Ms.', 'พลอยพรินทร์', 'พรมมี', 0, 'แจ๋ม', 'userb9', '903cd46b26a702d2f269eb229919c82531550378bb07f7455e5bd8b23db8f81a', '0614439782', '', '', '{"number":"","mu":"","village":"","alley":"","street":"","district":"","amphur":"","city":"","zip":""}', 0, '', '0000-00-00', '2017-05-03 17:09:43', 'enabled', '', '', '', '', 0),
(1, 5, 5, 181, 'B010', '2017-04-29 16:49:09', 'Ms.', 'นารีรัตน์', 'สาระภีร์', 0, 'มะปราง', 'userb11', '39db513702c94998712b2820843592dd2fcebd2338c21eeff9afff3e30f2aad6', '0890468476', '', '', '{"number":"","mu":"","village":"","alley":"","street":"","district":"","amphur":"","city":"","zip":""}', 0, '', '0000-00-00', '2017-05-05 13:19:00', 'enabled', '', '', '', '', 0),
(1, 5, 5, 182, 'B012', '2017-04-29 17:06:49', 'Ms.', 'มณีรัตน์', 'กองกัญญา', 0, 'เดียร์', 'userb12', '8fddfe581e21a41e0afcf0a3b8e913cd45e8bc281427eea91ee3028673e6b45d', '0934813959', '', '', '{"number":"","mu":"","village":"","alley":"","street":"","district":"","amphur":"","city":"","zip":""}', 0, '', '0000-00-00', '2017-05-05 11:57:27', 'enabled', '', '', '', '', 0),
(1, 5, 5, 183, 'B014', '2017-04-29 17:08:28', 'Ms.', 'วรรณกานต์', 'ทั่งพรม', 0, 'วรรณ', 'userb14', '2fa4afec6010b0133bb68298bce98497c442ce8a41356c9f57772b08b7e54043', '0815522841', '', '', '{"number":"","mu":"","village":"","alley":"","street":"","district":"","amphur":"","city":"","zip":""}', 0, '', '0000-00-00', '2017-05-05 11:57:14', 'enabled', '', '', '', '', 0),
(1, 5, 5, 184, 'B016', '2017-04-29 17:14:53', 'Ms.', 'จริยา', 'สุขอาษา', 0, 'ปอ', 'userb16', '2261970dd6e572653d44f64f74004856432314facc6966c2a28753437cd6c6d0', '0934858936', '', '', '{"number":"","mu":"","village":"","alley":"","street":"","district":"","amphur":"","city":"","zip":""}', 0, '', '0000-00-00', '2017-05-05 11:57:04', 'enabled', '', '', '', '', 0),
(1, 5, 5, 185, 'B017', '2017-04-29 17:15:29', 'Ms.', 'ยุพาวรรรณ', 'วงษ์สันต์', 0, 'หยง', 'userb17', 'd254794e53fb1141ed007bd98c00650c10d1be5dfc18df55b61cad25d3c43940', '0908098426', '', '', '{"number":"","mu":"","village":"","alley":"","street":"","district":"","amphur":"","city":"","zip":""}', 0, '', '0000-00-00', '2017-05-05 13:18:13', 'enabled', '', '', '', '', 0),
(1, 5, 5, 186, 'B018', '2017-04-29 17:29:46', 'Ms.', 'สายฝน', 'เนืองนันท์', 0, 'เปิ้ล', 'userb18', '05925a508ef818bed78c5b5dca3e082854aeb6d1e35fd728c87de3c2273c7ba1', '0882261995', '', '', '{"number":"","mu":"","village":"","alley":"","street":"","district":"","amphur":"","city":"","zip":""}', 0, '', '0000-00-00', '2017-05-05 11:56:48', 'enabled', '', '', '', '', 0),
(1, 5, 5, 187, 'B021', '2017-04-29 17:30:57', 'Ms.', 'ปทิตตา', 'เกริกนิธิดล', 0, 'เทียน', 'userb21', '2b7bd75a7dee35f8566324394b9824754b4ab1ea5129aa04cdd4016746b424a0', '0870718253', '', '', '{"number":"","mu":"","village":"","alley":"","street":"","district":"","amphur":"","city":"","zip":""}', 0, '', '0000-00-00', '2017-05-05 11:56:33', 'enabled', '', '', '', '', 0),
(1, 5, 5, 188, 'B023', '2017-04-29 17:31:40', 'Ms.', 'พรทิพย์', 'สินศิริ', 0, 'น้อย', 'userb23', 'fb688d0bbd8715c5442ac0c76b55a805205e8ce585b347d96877368729a5bf38', '0991267529', '', '', '{"number":"","mu":"","village":"","alley":"","street":"","district":"","amphur":"","city":"","zip":""}', 0, '', '0000-00-00', '2017-05-05 11:56:21', 'enabled', '', '', '', '', 0),
(1, 5, 6, 189, 'PB1', '2017-04-29 17:37:53', 'Ms.', 'มะลิ', 'เรียงแก้ว', 0, 'ยุ', 'userpb1', '2cc254ba9b3c24cfdf5bee3274a9730127df0b09dfa25ac8f6b1e2135fd90a2e', '0953058301', '', '', '{"number":"","mu":"","village":"","alley":"","street":"","district":"","amphur":"","city":"","zip":""}', 0, '', '0000-00-00', '2017-05-03 16:59:21', 'enabled', '', '', '', '', 0),
(1, 5, 6, 190, 'PB10', '2017-04-29 17:39:24', 'Ms.', 'ภิญญดา', 'เกริกนิธิดล', 0, 'ธูป', 'userpb10', '50cc72e23b2c8b0decb19510fe233c7ead5c2aa022c422be9070f492467b303c', '0880921958', '', '', '{"number":"","mu":"","village":"","alley":"","street":"","district":"","amphur":"","city":"","zip":""}', 0, '', '0000-00-00', '2017-05-03 16:59:02', 'enabled', '', '', '', '', 0),
(1, 5, 6, 191, 'PB14', '2017-04-29 17:40:04', 'Ms.', 'ธิดารัตน์', 'ขมิ้นทอง', 0, 'มด', 'userpb14', '934e2443b71fb7be399de49a7263a693e622f5fa48e21b8d7db54f5b3f8c74f5', '0949262986', '', '', '{"number":"","mu":"","village":"","alley":"","street":"","district":"","amphur":"","city":"","zip":""}', 0, '', '0000-00-00', '2017-05-03 16:58:46', 'enabled', '', '', '', '', 0),
(1, 5, 3, 192, '086', '2017-05-05 13:13:14', '', 'หนูกาล', 'วะบุตร', 0, 'กาล', 'user86', '96f6056b20bfa4ee2bdfbe3d885026b70b0aee8bb1ef70436571dd22cd127e74', '', '', '', '{"number":"","mu":"","village":"","alley":"","street":"","district":"","amphur":"","city":"","zip":""}', 0, '', '0000-00-00', '2017-05-05 13:15:31', 'enabled', '', '', '', '', 0),
(1, 2, 5, 193, 'B019', '2017-05-05 13:14:18', '', 'พิจิตรา', 'เอี่ยมผึ้ง', 0, 'บอม', 'userB19', '96f6056b20bfa4ee2bdfbe3d885026b70b0aee8bb1ef70436571dd22cd127e74', '', '', '', '{"number":"","mu":"","village":"","alley":"","street":"","district":"","amphur":"","city":"","zip":""}', 0, '', '0000-00-00', '2017-05-05 13:14:18', 'enabled', '', '', '', '', 0);

-- --------------------------------------------------------

--
-- Table structure for table `emp_clocking`
--

CREATE TABLE `emp_clocking` (
  `clock_id` int(11) NOT NULL,
  `ckock_emp_id` int(3) NOT NULL,
  `clock_start_date` datetime NOT NULL,
  `clock_end_date` datetime NOT NULL
) ENGINE=InnoDB DEFAULT CHARSET=utf8;

-- --------------------------------------------------------

--
-- Table structure for table `emp_department`
--

CREATE TABLE `emp_department` (
  `dep_id` int(11) NOT NULL,
  `dep_name` varchar(40) NOT NULL,
  `dep_notes` text NOT NULL,
  `dep_access` text NOT NULL,
  `dep_permission` text NOT NULL,
  `dep_lock` tinyint(1) NOT NULL
) ENGINE=InnoDB DEFAULT CHARSET=utf8;

--
-- Dumping data for table `emp_department`
--

INSERT INTO `emp_department` (`dep_id`, `dep_name`, `dep_notes`, `dep_access`, `dep_permission`, `dep_lock`) VALUES
(1, 'Admin', '', '["1","2","3","4","5"]', '', 1),
(2, 'Manager', '', '["2","3","4","5"]', '', 1),
(5, 'Masseuse', 'หมอ', '["5"]', '', 1),
(6, 'บัญชี', 'ฝ่ายบัญชี', '["3"]', '', 0),
(7, 'ธุรการ', '', '', '', 0),
(8, 'บุคคล', '', '', '', 0),
(11, 'ต้อนรับ / แคชเชียร์', '', '["4"]', '', 0),
(12, 'การเงิน', '', '["3"]', '', 0);

-- --------------------------------------------------------

--
-- Table structure for table `emp_job_queue`
--

CREATE TABLE `emp_job_queue` (
  `q_id` int(11) NOT NULL,
  `q_emp_id` int(11) NOT NULL,
  `q_status` enum('wait','busy','booking','run','finish') NOT NULL,
  `q_start_date` datetime NOT NULL,
  `q_end_date` datetime NOT NULL,
  `q_created` datetime NOT NULL COMMENT 'คิวของวันไหน ?',
  `q_queue` int(3) NOT NULL
) ENGINE=InnoDB DEFAULT CHARSET=utf8;

-- --------------------------------------------------------

--
-- Table structure for table `emp_position`
--

CREATE TABLE `emp_position` (
  `pos_id` int(11) NOT NULL,
  `pos_dep_id` int(11) NOT NULL,
  `pos_name` varchar(50) NOT NULL,
  `pos_notes` text NOT NULL,
  `pos_permission` text NOT NULL
) ENGINE=InnoDB DEFAULT CHARSET=utf8;

--
-- Dumping data for table `emp_position`
--

INSERT INTO `emp_position` (`pos_id`, `pos_dep_id`, `pos_name`, `pos_notes`, `pos_permission`) VALUES
(2, 4, 'หัวหน้าฝ่าย IT', '', ''),
(3, 5, 'Masseuse', '', ''),
(4, 5, 'Masseuse  Part Time ', '', ''),
(5, 5, 'Massage oil', '', ''),
(6, 5, 'Massage oil Part Time', '', '');

-- --------------------------------------------------------

--
-- Table structure for table `emp_skill`
--

CREATE TABLE `emp_skill` (
  `skill_id` int(11) NOT NULL,
  `skill_name` varchar(60) NOT NULL
) ENGINE=InnoDB DEFAULT CHARSET=utf8;

--
-- Dumping data for table `emp_skill`
--

INSERT INTO `emp_skill` (`skill_id`, `skill_name`) VALUES
(1, 'นวดตัว'),
(2, 'นวดหัว'),
(3, 'นวดเท้า'),
(4, 'นวดออย'),
(5, 'นวดหน้า'),
(6, 'แคะหู'),
(7, 'เล็บมือ-เท้า');

-- --------------------------------------------------------

--
-- Table structure for table `emp_skill_permit`
--

CREATE TABLE `emp_skill_permit` (
  `skill_id` int(11) NOT NULL,
  `emp_id` int(11) NOT NULL
) ENGINE=InnoDB DEFAULT CHARSET=utf8;

--
-- Dumping data for table `emp_skill_permit`
--

INSERT INTO `emp_skill_permit` (`skill_id`, `emp_id`) VALUES
(1, 42),
(1, 43),
(2, 43),
(3, 43),
(1, 44),
(2, 44),
(4, 44),
(1, 45),
(1, 46),
(2, 46),
(1, 47),
(2, 47),
(1, 48),
(2, 48),
(2, 49),
(3, 49),
(1, 50),
(2, 50),
(3, 50),
(4, 50),
(1, 51),
(2, 51),
(1, 52),
(2, 52),
(1, 53),
(2, 53),
(3, 53),
(1, 54),
(2, 54),
(1, 55),
(2, 55),
(1, 56),
(2, 56),
(1, 57),
(2, 57),
(3, 57),
(4, 57),
(1, 58),
(2, 58),
(3, 58),
(4, 58),
(5, 58),
(6, 58),
(1, 59),
(2, 59),
(3, 59),
(1, 60),
(1, 61),
(2, 61),
(3, 61),
(1, 62),
(2, 62),
(3, 62),
(1, 63),
(2, 63),
(3, 63),
(1, 64),
(2, 64),
(1, 65),
(2, 65),
(1, 66),
(2, 66),
(1, 67),
(2, 67),
(3, 67),
(1, 68),
(2, 68),
(3, 68),
(1, 69),
(2, 69),
(3, 69),
(1, 70),
(2, 70),
(3, 70),
(1, 71),
(2, 71),
(3, 71),
(4, 71),
(1, 72),
(1, 73),
(2, 73),
(4, 73),
(1, 89),
(2, 89),
(3, 89),
(4, 89),
(1, 88),
(2, 88),
(3, 88),
(1, 87),
(2, 87),
(1, 86),
(2, 86),
(3, 86),
(1, 84),
(2, 84),
(1, 85),
(2, 85),
(3, 85),
(1, 83),
(2, 83),
(3, 83),
(4, 83),
(1, 82),
(2, 82),
(4, 82),
(1, 81),
(2, 81),
(3, 81),
(1, 80),
(2, 80),
(3, 80),
(1, 79),
(2, 79),
(1, 78),
(2, 78),
(4, 78),
(1, 77),
(2, 77),
(1, 76),
(2, 76),
(1, 75),
(2, 75),
(4, 75),
(1, 74),
(2, 74),
(3, 74),
(4, 74),
(1, 90),
(2, 90),
(3, 90),
(1, 91),
(2, 91),
(3, 91),
(1, 92),
(2, 92),
(3, 92),
(1, 93),
(2, 93),
(1, 94),
(2, 94),
(3, 94),
(1, 95),
(2, 95),
(3, 95),
(4, 95),
(1, 96),
(2, 96),
(3, 96),
(1, 97),
(2, 97),
(1, 98),
(2, 98),
(1, 99),
(2, 99),
(1, 100),
(3, 100),
(1, 101),
(2, 101),
(1, 102),
(2, 102),
(3, 102),
(1, 103),
(2, 103),
(4, 103),
(1, 104),
(2, 104),
(1, 105),
(2, 105),
(3, 105),
(1, 106),
(2, 106),
(1, 107),
(2, 107),
(3, 107),
(4, 107),
(1, 108),
(2, 108),
(3, 108),
(1, 109),
(2, 109),
(1, 110),
(2, 110),
(3, 110),
(4, 110),
(1, 111),
(2, 111),
(1, 112),
(2, 112),
(3, 112),
(1, 113),
(2, 113),
(1, 114),
(2, 114),
(1, 115),
(2, 115),
(3, 115),
(1, 116),
(2, 116),
(3, 116),
(1, 117),
(2, 117),
(1, 118),
(2, 118),
(3, 118),
(1, 121),
(1, 120),
(2, 120),
(3, 120),
(1, 119),
(2, 119),
(3, 119),
(1, 122),
(2, 122),
(3, 122),
(4, 122),
(5, 122),
(6, 122),
(7, 122),
(1, 123),
(2, 123),
(3, 123),
(1, 124),
(2, 124),
(3, 124),
(1, 127),
(1, 126),
(2, 126),
(1, 125),
(2, 125),
(1, 128),
(2, 128),
(3, 128),
(1, 129),
(2, 129),
(1, 130),
(2, 130),
(1, 131),
(2, 131),
(3, 131),
(1, 132),
(2, 132),
(3, 132),
(1, 133),
(2, 133),
(3, 133),
(4, 133),
(5, 133),
(6, 133),
(1, 134),
(2, 134),
(3, 134),
(1, 135),
(2, 135),
(3, 135),
(1, 136),
(2, 136),
(3, 136),
(1, 137),
(2, 137),
(3, 137),
(1, 138),
(2, 138),
(1, 139),
(2, 139),
(1, 140),
(2, 140),
(3, 140),
(1, 141),
(2, 141),
(1, 142),
(2, 142),
(3, 142),
(1, 143),
(2, 143),
(1, 144),
(2, 144),
(3, 144),
(1, 145),
(2, 145),
(3, 145),
(4, 145),
(6, 145),
(1, 146),
(2, 146),
(3, 146),
(1, 147),
(2, 147),
(1, 148),
(2, 148),
(3, 148),
(1, 149),
(2, 149),
(3, 149),
(1, 150),
(2, 150),
(3, 150),
(1, 151),
(2, 151),
(1, 152),
(2, 152),
(1, 153),
(2, 153),
(3, 153),
(1, 154),
(2, 154),
(1, 155),
(2, 155),
(1, 156),
(2, 156),
(3, 156),
(1, 157),
(2, 157),
(1, 158),
(2, 158),
(1, 159),
(2, 159),
(1, 160),
(2, 160),
(1, 161),
(2, 161),
(1, 162),
(2, 162),
(1, 168),
(2, 168),
(1, 167),
(2, 167),
(4, 172),
(5, 172),
(6, 172),
(7, 172),
(4, 181),
(5, 181),
(6, 181),
(7, 181),
(4, 173),
(5, 173),
(6, 173),
(7, 173),
(3, 174),
(4, 174),
(5, 174),
(6, 174),
(7, 174),
(4, 175),
(5, 175),
(6, 175),
(7, 175),
(5, 176),
(6, 176),
(7, 176),
(4, 177),
(5, 177),
(6, 177),
(7, 177),
(4, 178),
(5, 178),
(6, 178),
(7, 178),
(4, 179),
(5, 179),
(6, 179),
(7, 179),
(4, 180),
(5, 180),
(6, 180),
(7, 180),
(5, 182),
(6, 182),
(7, 182),
(4, 183),
(5, 183),
(6, 183),
(5, 184),
(6, 184),
(7, 184),
(1, 185),
(2, 185),
(3, 185),
(4, 185),
(5, 185),
(6, 185),
(7, 185),
(5, 186),
(6, 186),
(7, 186),
(4, 188),
(5, 188),
(6, 188),
(7, 188),
(4, 187),
(5, 187),
(6, 187),
(7, 187),
(5, 190),
(6, 190),
(7, 190),
(5, 191),
(6, 191),
(7, 191),
(4, 189),
(5, 189),
(6, 189),
(7, 189);

-- --------------------------------------------------------

--
-- Table structure for table `invoices`
--

CREATE TABLE `invoices` (
  `inv_order_id` int(11) NOT NULL,
  `inv_id` int(11) NOT NULL,
  `inv_code` varchar(8) NOT NULL,
  `inv_paytype` int(1) NOT NULL,
  `inv_created` datetime NOT NULL,
  `inv_amount` float(11,2) NOT NULL,
  `inv_vat` int(4) NOT NULL,
  `inv_pay` float(7,2) NOT NULL,
  `inv_change` float(5,2) NOT NULL,
  `inv_emp_id` int(3) NOT NULL,
  `inv_note` text NOT NULL
) ENGINE=InnoDB DEFAULT CHARSET=utf8;

-- --------------------------------------------------------

--
-- Table structure for table `media`
--

CREATE TABLE `media` (
  `media_album_id` int(11) NOT NULL,
  `media_id` int(11) NOT NULL,
  `media_name` varchar(160) CHARACTER SET utf8 NOT NULL,
  `media_caption` varchar(255) CHARACTER SET utf8 NOT NULL,
  `media_type` varchar(20) CHARACTER SET utf8 NOT NULL,
  `media_sequence` double NOT NULL,
  `media_emp_id` int(11) NOT NULL,
  `media_created` datetime NOT NULL
) ENGINE=InnoDB DEFAULT CHARSET=latin1;

--
-- Dumping data for table `media`
--

INSERT INTO `media` (`media_album_id`, `media_id`, `media_name`, `media_caption`, `media_type`, `media_sequence`, `media_emp_id`, `media_created`) VALUES
(1, 66, '14731133_700973536738065_7088858288486053031_n.jpg', '', 'jpg', 32, 0, '0000-00-00 00:00:00'),
(2, 67, 'MG GS.png', '', 'png', 1, 0, '0000-00-00 00:00:00'),
(2, 69, 'MG5.png', '', 'png', 2, 0, '0000-00-00 00:00:00'),
(2, 70, 'MG3.png', '', 'png', 3, 0, '0000-00-00 00:00:00'),
(2, 71, 'MG6.png', '', 'png', 4, 0, '0000-00-00 00:00:00'),
(1, 73, 'MG5.png', '', 'png', 34, 0, '2017-03-30 08:19:43'),
(1, 74, 'MG3.png', '', 'png', 35, 0, '2017-03-30 08:20:02'),
(1, 75, 'MG6.png', '', 'png', 36, 0, '2017-03-30 08:20:10'),
(1, 76, 'MG GS.png', '', 'png', 37, 0, '2017-03-30 16:02:23'),
(1, 79, '17201335_767208683436425_3829483034090284841_n.jpg', '', 'jpg', 39, 6, '2017-04-06 17:54:07');

-- --------------------------------------------------------

--
-- Table structure for table `media_albums`
--

CREATE TABLE `media_albums` (
  `album_id` int(11) NOT NULL,
  `album_name` varchar(60) NOT NULL,
  `album_description` text NOT NULL,
  `album_created` datetime NOT NULL,
  `album_folder` varchar(20) NOT NULL,
  `album_obj_id` int(11) NOT NULL,
  `album_obj_type` varchar(20) NOT NULL,
  `album_log` tinyint(1) NOT NULL
) ENGINE=InnoDB DEFAULT CHARSET=utf8;

--
-- Dumping data for table `media_albums`
--

INSERT INTO `media_albums` (`album_id`, `album_name`, `album_description`, `album_created`, `album_folder`, `album_obj_id`, `album_obj_type`, `album_log`) VALUES
(1, 'my', '', '2017-03-28 01:27:53', '', 1, 'public', 0);

-- --------------------------------------------------------

--
-- Table structure for table `orders`
--

CREATE TABLE `orders` (
  `order_id` int(11) NOT NULL,
  `order_emp_id` int(3) NOT NULL,
  `order_cus_id` int(11) NOT NULL,
  `order_bed_id` int(11) NOT NULL,
  `order_deposit` float(6,2) NOT NULL,
  `order_deposit_type` text NOT NULL,
  `order_total_price` float(9,2) NOT NULL,
  `order_total_discount` float(7,2) NOT NULL,
  `order_is_free` tinyint(1) NOT NULL,
  `order_created` datetime NOT NULL,
  `order_updated` datetime NOT NULL,
  `order_tip` float(6,2) NOT NULL,
  `order_start_date` datetime NOT NULL,
  `order_end_date` datetime NOT NULL,
  `order_status` enum('run','finish','cancel','booking') NOT NULL
) ENGINE=InnoDB DEFAULT CHARSET=utf8;

-- --------------------------------------------------------

--
-- Table structure for table `orders_items`
--

CREATE TABLE `orders_items` (
  `item_order_id` int(11) NOT NULL,
  `item_id` int(11) NOT NULL,
  `item_pack_id` int(11) NOT NULL,
  `item_status` enum('order','run','finish','cancel') NOT NULL,
  `item_created` datetime NOT NULL,
  `item_price` float(9,2) NOT NULL,
  `item_qty` int(2) NOT NULL,
  `item_updated` datetime NOT NULL,
  `item_note` text NOT NULL,
  `item_discount` float(6,2) NOT NULL,
  `item_emp_id` int(3) NOT NULL
) ENGINE=InnoDB DEFAULT CHARSET=utf8;

-- --------------------------------------------------------

--
-- Table structure for table `orders_items_emp_permit`
--

CREATE TABLE `orders_items_emp_permit` (
  `item_id` int(11) NOT NULL,
  `emp_id` int(3) NOT NULL,
  `queue` int(4) NOT NULL
) ENGINE=InnoDB DEFAULT CHARSET=utf8;

-- --------------------------------------------------------

--
-- Table structure for table `package`
--

CREATE TABLE `package` (
  `pack_dealer_id` int(3) NOT NULL,
  `pack_id` int(11) NOT NULL,
  `pack_code` varchar(15) NOT NULL,
  `pack_name` varchar(60) NOT NULL,
  `pack_timer` int(4) NOT NULL COMMENT 'เก็บเป็นนาที',
  `pack_is_time` tinyint(1) NOT NULL COMMENT '1 = ครั้ง , 0 = ตามเวลา',
  `pack_price` float(7,2) NOT NULL,
  `pack_created` datetime NOT NULL,
  `pack_emp_id` int(11) NOT NULL,
  `pack_updated` datetime NOT NULL
) ENGINE=InnoDB DEFAULT CHARSET=utf8;

--
-- Dumping data for table `package`
--

INSERT INTO `package` (`pack_dealer_id`, `pack_id`, `pack_code`, `pack_name`, `pack_timer`, `pack_is_time`, `pack_price`, `pack_created`, `pack_emp_id`, `pack_updated`) VALUES
(0, 2, 'A01', 'TRADITIONAL THAI BODY MASSAGE', 60, 0, 350.00, '2017-04-24 16:20:22', 6, '2017-04-24 16:32:24'),
(0, 3, 'A02', 'HEAD MASSAGE', 60, 0, 350.00, '2017-04-24 16:30:20', 6, '2017-04-24 16:30:20'),
(0, 4, 'A03', 'FOOT MASSAGE', 60, 0, 350.00, '2017-04-24 16:30:42', 6, '2017-05-07 14:13:37'),
(0, 5, 'A04', 'EAR CLEANING', 30, 0, 350.00, '2017-04-24 16:32:55', 6, '2017-04-24 16:32:55'),
(0, 6, 'A05', 'MANICURE', 40, 0, 350.00, '2017-04-24 16:33:17', 6, '2017-04-24 16:33:17'),
(0, 7, 'A06', 'PEDICURE', 30, 0, 350.00, '2017-04-24 16:33:33', 6, '2017-04-24 16:33:33'),
(0, 8, 'A07', 'OIL MASSAGE', 60, 0, 700.00, '2017-04-24 16:38:34', 6, '2017-04-24 16:38:34'),
(0, 9, 'A07', 'FACIAL MASSAGE', 50, 0, 700.00, '2017-04-24 16:39:55', 6, '2017-05-07 14:14:45'),
(0, 10, 'A08', 'FACIAL MASSAGE, FACIAL PACK', 60, 0, 1000.00, '2017-04-24 16:43:42', 6, '2017-04-25 08:06:59'),
(0, 11, 'B01', 'SHOWER', 1, 1, 150.00, '2017-04-24 17:30:51', 6, '2017-04-28 16:33:25'),
(0, 12, 'B02', 'SAUNA', 1, 1, 500.00, '2017-04-26 12:57:00', 6, '2017-04-28 16:33:19'),
(0, 13, 'B03', 'AKASURI', 1, 1, 300.00, '2017-04-26 13:00:07', 6, '2017-04-28 16:33:32');

-- --------------------------------------------------------

--
-- Table structure for table `package_skill`
--

CREATE TABLE `package_skill` (
  `pack_id` int(11) NOT NULL,
  `skill_id` int(11) NOT NULL
) ENGINE=InnoDB DEFAULT CHARSET=utf8;

--
-- Dumping data for table `package_skill`
--

INSERT INTO `package_skill` (`pack_id`, `skill_id`) VALUES
(3, 3),
(2, 2),
(5, 7),
(6, 8),
(7, 8),
(8, 5),
(10, 6),
(4, 4),
(9, 6);

-- --------------------------------------------------------

--
-- Table structure for table `products`
--

CREATE TABLE `products` (
  `pro_id` int(11) NOT NULL,
  `pro_model_id` int(11) NOT NULL,
  `pro_name` varchar(128) NOT NULL,
  `pro_cc` varchar(10) NOT NULL,
  `pro_mfy` varchar(10) NOT NULL,
  `pro_price` float(11,2) NOT NULL,
  `pro_balance` int(4) NOT NULL COMMENT 'คงเหลือ',
  `pro_subtotal` int(4) NOT NULL COMMENT 'รวมทั้งสิ้น',
  `pro_booking` int(4) NOT NULL COMMENT 'ยอดจอง',
  `pro_soldtotal` int(4) NOT NULL COMMENT 'ขายไปแล้ว',
  `pro_order_total` int(4) NOT NULL COMMENT 'สั่งเพิ่ม',
  `pro_total` int(4) NOT NULL COMMENT 'รวมทั้งหมด',
  `pro_updated` datetime NOT NULL,
  `pro_created` datetime NOT NULL
) ENGINE=InnoDB DEFAULT CHARSET=utf8;

--
-- Dumping data for table `products`
--

INSERT INTO `products` (`pro_id`, `pro_model_id`, `pro_name`, `pro_cc`, `pro_mfy`, `pro_price`, `pro_balance`, `pro_subtotal`, `pro_booking`, `pro_soldtotal`, `pro_order_total`, `pro_total`, `pro_updated`, `pro_created`) VALUES
(13, 2, 'MG3 Hatchback 1.5C', '1500', '2016', 479000.00, 0, 0, 0, 0, 0, 0, '2017-03-21 10:09:36', '2017-02-16 09:47:22'),
(14, 2, 'MG3 Hatchback 1.5D (Monotone)', '1500', '2016', 509000.00, 0, 0, 4, 2, 4, 0, '2017-03-23 17:15:24', '2017-02-16 09:52:49'),
(15, 2, 'MG3 Hatchback 1.5D (twotone)', '1500', '2016', 514000.00, 0, 0, 5, 9, 5, 0, '2017-03-23 17:16:01', '2017-02-16 10:00:03'),
(16, 2, 'MG3 Hatchback 1.5 x Sunroof (Monotone)', '1500', '2016', 559000.00, 0, 0, 4, 0, 4, 0, '2017-03-31 10:09:25', '2017-02-16 10:08:08'),
(17, 2, 'MG3 Hatchback 1.5 x Sunroof (Twotone)', '1500', '2016', 564000.00, 0, 0, 8, 15, 8, 0, '2017-03-23 17:21:04', '2017-02-16 10:12:59'),
(18, 2, 'MG3 Xross 1.5 X', '1500', '2016', 595000.00, 0, 0, 2, 0, 2, 0, '2017-03-23 17:01:37', '2017-02-16 10:19:02'),
(19, 2, 'MG3 Hatchback 1.5V Sunroof ', '1500', '2016', 579000.00, 0, 0, 2, 2, 2, 0, '2017-03-23 17:20:20', '2017-02-16 10:22:44'),
(20, 1, 'MG6 Fastback 1.8 C Turbo', '1800', '2016', 908000.00, 0, 0, 2, 0, 2, 0, '2017-03-24 14:38:42', '2017-02-16 10:30:29'),
(21, 1, 'MG6 Fastback 1.8 C Turbo (Black top)', '1800', '2016', 918000.00, 0, 0, 0, 0, 0, 0, '2017-03-21 10:12:40', '2017-02-16 10:35:58'),
(22, 1, 'MG6 Fastback 1.8 D Turbo', '1800', '2016', 998000.00, 0, 0, 0, 0, 0, 0, '2017-03-21 10:12:13', '2017-02-16 10:40:16'),
(23, 1, 'MG6 Fastback 1.8 D Turbo (Black top)', '1800', '2016', 1008000.00, 0, 0, 0, 0, 0, 0, '2017-03-21 10:12:04', '2017-02-16 10:43:39'),
(24, 1, 'MG6 Fastback 1.8 D Turbo sunroof', '1800', '2016', 1028000.00, 0, 0, 0, 0, 0, 0, '2017-03-21 10:11:57', '2017-02-16 10:47:25'),
(25, 1, 'MG6 Fastback 1.8 D Turbo sunroof (Black top)', '1800', '2016', 1038000.00, 0, 0, 0, 0, 0, 0, '2017-03-21 10:11:46', '2017-02-16 10:53:32'),
(26, 1, 'MG6 Fastback 1.8 X Turbo', '1800', '2016', 1108000.00, 0, 0, 0, 0, 0, 0, '2017-03-24 14:38:49', '2017-02-16 10:57:45'),
(27, 1, 'MG6 Fastback 1.8 X Turbo (Black top)', '1800', '2016', 1118000.00, 0, 0, 0, 0, 0, 0, '2017-03-21 10:11:30', '2017-02-16 11:00:48'),
(28, 1, 'MG6 Fastback 1.8 X Turbo sunroof', '1800', '2016', 1138000.00, 0, 0, 0, 0, 0, 0, '2017-03-21 10:11:21', '2017-02-16 11:07:04'),
(29, 1, 'MG6 Fastback 1.8 X Turbo sunroof (Black top)', '1800', '2016', 1148000.00, 0, 0, 0, 0, 0, 0, '2017-03-29 16:05:51', '2017-02-16 11:12:00'),
(30, 1, 'MG6 Sedan 1.8 C Turbo', '1800', '2016', 898000.00, 0, 0, 0, 0, 0, 0, '2017-03-21 10:11:05', '2017-02-16 11:17:18'),
(31, 1, 'MG6 Sedan 1.8 D Turbo', '1800', '2016', 988000.00, 0, 0, 0, 0, 0, 0, '2017-03-21 10:11:00', '2017-02-16 11:20:06'),
(32, 1, 'MG6 Sedan 1.8 D Turbo Sunroof', '1800', '2016', 1018000.00, 0, 0, 1, 1, 1, 0, '2017-03-21 10:10:52', '2017-02-16 11:23:17'),
(33, 1, 'MG6 Sedan 1.8 X Turbo', '1800', '2016', 1098000.00, 0, 0, 1, 0, 1, 0, '2017-03-21 10:10:23', '2017-02-16 11:25:25'),
(34, 1, 'MG6 Sedan 1.8 X Turbo Sunroof', '1800', '2016', 1128000.00, 0, 0, 0, 0, 0, 0, '2017-03-21 10:10:13', '2017-02-16 11:30:10'),
(35, 4, 'MG GS 2.0 2WD D', '2000', '2016', 1210000.00, 0, 0, 0, 0, 0, 0, '2017-03-29 14:08:12', '2017-02-16 11:42:24'),
(36, 4, 'MG GS 2.0 2WD D (Black top)', '2000', '2016', 1217000.00, 0, 0, 0, 0, 0, 0, '2017-03-21 09:57:04', '2017-02-16 11:45:58'),
(37, 4, 'MG GS 2.0 AWD X Sunroof', '2000', '2016', 1310000.00, 0, 0, 0, 0, 0, 0, '2017-03-21 09:56:57', '2017-02-16 11:49:38'),
(38, 4, 'MG GS 2.0 AWD X Sunroof (Black top)', '2000', '2016', 1317000.00, 0, 0, 2, 0, 2, 0, '2017-03-23 16:53:07', '2017-02-16 11:52:49'),
(39, 4, 'MG GS 1.5 2WD D', '1500', '2016', 890000.00, 0, 0, 1, 0, 1, 0, '2017-03-21 09:56:40', '2017-02-16 11:55:52'),
(40, 4, 'MG GS 1.5 2WD D (Black top)', '1500', '2016', 897000.00, 0, 0, 0, 0, 0, 0, '2017-03-21 09:55:52', '2017-02-16 11:58:26'),
(41, 4, 'MG GS 1.5 2WD X Sunroof', '1500', '2016', 990000.00, 0, 0, 7, 3, 7, 0, '2017-03-23 17:11:30', '2017-02-16 12:01:07'),
(42, 4, 'MG GS 1.5 2WD X Sunroof (Black top)', '1500', '2016', 997000.00, 0, 0, 0, 0, 0, 0, '2017-03-20 10:49:25', '2017-02-16 12:04:17'),
(43, 3, 'MG5 1.5 X Sunroof', '1500', '2017', 699000.00, 0, 0, 10, 9, 10, 0, '2017-03-23 17:18:33', '2017-02-23 09:35:41');

-- --------------------------------------------------------

--
-- Table structure for table `products_activity`
--

CREATE TABLE `products_activity` (
  `act_id` int(11) NOT NULL,
  `act_pro_id` int(11) NOT NULL,
  `act_cost` float(11,2) NOT NULL,
  `act_qty` int(4) NOT NULL,
  `act_updated` datetime NOT NULL,
  `act_emp_id` int(11) NOT NULL
) ENGINE=InnoDB DEFAULT CHARSET=utf8;

--
-- Dumping data for table `products_activity`
--

INSERT INTO `products_activity` (`act_id`, `act_pro_id`, `act_cost`, `act_qty`, `act_updated`, `act_emp_id`) VALUES
(4, 7, 550000.00, 2, '2017-02-10 11:02:20', 6),
(7, 10, 800000.00, 2, '2017-02-10 11:11:23', 6),
(8, 11, 900000.00, 1, '2017-02-10 11:15:19', 6),
(9, 12, 1234567.00, 1, '2017-02-14 18:33:32', 6),
(10, 13, 450000.00, 0, '2017-03-21 10:09:36', 6),
(11, 14, 480000.00, 0, '2017-03-21 10:09:28', 6),
(12, 15, 480000.00, 0, '2017-03-21 10:08:46', 6),
(13, 16, 500000.00, 0, '2017-03-21 10:08:37', 6),
(14, 17, 525000.00, 0, '2017-03-21 10:08:08', 6),
(15, 18, 559000.00, 0, '2017-03-21 10:08:01', 6),
(16, 19, 554000.00, 0, '2017-03-21 10:07:23', 6),
(17, 20, 890000.00, 0, '2017-03-21 10:10:05', 6),
(18, 21, 895000.00, 0, '2017-03-21 10:12:40', 6),
(19, 22, 969000.00, 0, '2017-03-21 10:12:13', 6),
(20, 23, 989000.00, 0, '2017-03-21 10:12:04', 6),
(21, 24, 989000.00, 0, '2017-03-21 10:11:57', 6),
(22, 25, 998000.00, 0, '2017-03-21 10:11:48', 6),
(23, 26, 999000.00, 0, '2017-03-21 10:11:36', 6),
(24, 27, 1000000.00, 0, '2017-03-21 10:11:30', 6),
(25, 28, 1050000.00, 0, '2017-03-21 10:11:21', 6),
(26, 29, 1060000.00, 0, '2017-03-21 10:11:13', 6),
(27, 30, 695000.00, 0, '2017-03-21 10:11:05', 6),
(28, 31, 795000.00, 0, '2017-03-21 10:11:00', 6),
(29, 32, 950000.00, 0, '2017-03-21 10:10:52', 6),
(30, 33, 969000.00, 0, '2017-03-21 10:10:24', 6),
(31, 34, 995000.00, 0, '2017-03-21 10:10:15', 6),
(32, 35, 1100000.00, 0, '2017-03-21 09:57:16', 6),
(33, 36, 1100000.00, 0, '2017-03-21 09:57:07', 6),
(34, 37, 1150000.00, 0, '2017-03-21 09:56:57', 6),
(35, 38, 1159000.00, 0, '2017-03-21 09:56:48', 6),
(36, 39, 699000.00, 0, '2017-03-21 09:56:40', 6),
(37, 40, 699000.00, 0, '2017-03-21 09:55:54', 6),
(38, 41, 799000.00, 0, '2017-03-21 09:56:25', 6),
(40, 43, 600000.00, 1, '2017-02-23 10:20:40', 6),
(45, 42, 650000.00, 0, '2017-03-21 09:56:09', 6),
(46, 42, 650000.00, 0, '2017-03-21 09:56:12', 6),
(47, 42, 650000.00, 0, '2017-03-20 10:49:26', 6),
(48, 43, 600000.00, 0, '2017-03-21 09:58:41', 6),
(49, 43, 699000.00, 0, '2017-03-13 09:44:52', 6),
(50, 20, 890000.00, 0, '2017-03-20 18:44:21', 6),
(51, 20, 890000.00, 0, '2017-03-21 10:09:48', 6);

-- --------------------------------------------------------

--
-- Table structure for table `products_brands`
--

CREATE TABLE `products_brands` (
  `brand_id` int(11) NOT NULL,
  `brand_created` datetime NOT NULL,
  `brand_name` varchar(128) NOT NULL,
  `brand_notes` varchar(160) NOT NULL,
  `brand_updated` datetime NOT NULL,
  `brand_emp_id` int(4) NOT NULL
) ENGINE=InnoDB DEFAULT CHARSET=utf8;

--
-- Dumping data for table `products_brands`
--

INSERT INTO `products_brands` (`brand_id`, `brand_created`, `brand_name`, `brand_notes`, `brand_updated`, `brand_emp_id`) VALUES
(1, '2017-02-14 23:44:28', 'MG', '', '2017-02-14 23:44:47', 6);

-- --------------------------------------------------------

--
-- Table structure for table `products_items`
--

CREATE TABLE `products_items` (
  `item_pro_id` int(11) NOT NULL,
  `item_act_id` int(11) NOT NULL,
  `item_id` int(11) NOT NULL,
  `item_color` int(2) NOT NULL,
  `item_vin` varchar(17) NOT NULL,
  `item_engine` varchar(17) NOT NULL,
  `item_updated` datetime NOT NULL,
  `item_status` varchar(20) NOT NULL
) ENGINE=InnoDB DEFAULT CHARSET=utf8;

--
-- Dumping data for table `products_items`
--

INSERT INTO `products_items` (`item_pro_id`, `item_act_id`, `item_id`, `item_color`, `item_vin`, `item_engine`, `item_updated`, `item_status`) VALUES
(43, 49, 114, 19, '15S4CQCTG3140013', 'MMLA16E39GT012072', '2017-03-21 13:45:12', 'sold'),
(17, 14, 115, 16, 'MMLZ14E35GT015042', '15S4CQBTG7150017', '2017-03-21 14:23:03', 'sold'),
(15, 12, 116, 12, 'MMLZ14E3XGT015571', '15S4CQBTG8150033', '2017-03-23 14:17:05', 'sold'),
(17, 14, 117, 16, 'MMLZ14E37GT015415', '15S4CQBTG8010001', '2017-03-23 14:21:30', 'sold'),
(17, 14, 118, 12, 'MMLZ14E32GT015435', '15S4CQBTG8080010', '2017-03-23 14:34:31', 'sold'),
(17, 14, 119, 16, 'MMLZ14E39GT015416', '15S4CQBTG80220004', '2017-03-23 14:35:30', 'sold'),
(32, 29, 120, 9, 'MMLW26G39ET011369', '18K4CN010000371', '2017-03-23 14:36:58', 'sold'),
(17, 14, 121, 16, 'MMLZ14E37GT015043', '15S4CQBTG7150022', '2017-03-23 14:40:29', 'sold'),
(17, 14, 122, 16, 'MMLZ14E35GT015834', '15S4CQBTG8240021', '2017-03-23 14:41:15', 'sold'),
(17, 14, 123, 14, 'MMLZ14E30GT015434', '15S4CQBTG8080009', '2017-03-23 14:42:06', 'sold'),
(15, 12, 124, 16, 'MMLZ14E32GT016343', '15S4CQBTG9130015', '2017-03-23 14:44:47', 'sold'),
(43, 49, 125, 17, 'MMLA16E36GT013941', '15S4CQCTG5240003', '2017-03-23 14:46:33', 'sold'),
(15, 12, 126, 16, 'MMLZ14E30GT016339', '15S4CQBTG9130012', '2017-03-23 14:48:04', 'sold'),
(43, 49, 127, 20, 'MMLA16E34GT011864', '15S4CQCTG3070042', '2017-03-23 14:48:53', 'sold'),
(43, 49, 128, 17, 'MMLZ14E3XGT016283', '15S4CQBTG9090018', '2017-03-23 14:52:11', 'sold'),
(17, 14, 129, 12, 'MMLZ14E36GT015437', '15S4CQBTG8080012', '2017-03-23 14:53:34', 'sold'),
(15, 12, 130, 14, 'MMLZ14E31GT015507', '15S4CQBTG8090030', '2017-03-23 14:54:30', 'sold'),
(15, 12, 131, 14, 'MMLZ14E37GT016533', '15S4CQBTG9200022', '2017-03-23 14:55:28', 'sold'),
(17, 14, 132, 11, 'MMLZ14E30GT016745', '15S4CQBTG9280050', '2017-03-23 14:56:12', 'sold'),
(15, 12, 133, 11, 'MMLZ14E39GT016744', '15S4CQBTG9280046', '2017-03-23 14:56:59', 'sold'),
(15, 12, 134, 13, 'MMLZ14E39GT016761', '15S4CQBTGA030009', '2017-03-23 15:42:52', 'sold'),
(17, 14, 135, 14, 'MMLZ14E30GT015482', '15S4CQBTG8080019', '2017-03-23 15:43:23', 'sold'),
(17, 14, 136, 14, 'MMLZ14E33GT016089', '15S4CQBTG9070003', '2017-03-23 15:44:35', 'sold'),
(43, 49, 137, 21, 'MMLA16E3XGT011853', '15S4CQCTG3090001', '2017-03-23 15:45:27', 'sold'),
(15, 12, 138, 11, 'MMLZ14E32GT016746', '15S4CQBTG9280049', '2017-03-23 16:45:31', 'sold'),
(43, 49, 139, 17, 'MMLA16235GT017306', '15S4GQHTGB020020', '2017-03-23 16:49:30', 'sold'),
(43, 49, 140, 17, 'MMLA16232GT010698', '15S4CQHTG1270005', '2017-03-23 17:03:05', 'sold'),
(17, 14, 141, 11, 'MMLZ14E34GT016960', '15S4CQBTGA070016', '2017-03-23 17:04:12', 'sold'),
(17, 14, 142, 14, 'MMLZ14E32GT015483', '15S4CQBTG8080022', '2017-03-23 17:04:59', 'sold'),
(41, 38, 143, 4, 'MMLA24243GT017802', '15E4ERETGC090015', '2017-03-23 17:05:38', 'sold'),
(41, 38, 144, 22, 'MMLA24241GT017927', '15E4ERETGC090021', '2017-03-23 17:07:02', 'sold'),
(41, 38, 145, 4, 'MMLZ14E37GT016628', '15S4CQBTG9270013', '2017-03-23 17:11:29', 'sold'),
(17, 14, 146, 14, 'MMLZ14E3XGT016090', '15S4CQBTG9070004', '2017-03-23 17:12:28', 'sold'),
(19, 16, 147, 16, 'MML14E3XGT017918', '15S4CQBTGC130005', '2017-03-23 17:13:44', 'sold'),
(14, 11, 148, 11, 'MMLZ14E38GT017030', '15S4CQBTGA120023', '2017-03-23 17:14:37', 'sold'),
(14, 11, 149, 14, 'MMLZ14E39GT015609', '15S4CQBTG8180019', '2017-03-23 17:15:24', 'sold'),
(15, 12, 150, 16, 'MMLZ14E32GT017427', '15S4CQBTGB040001', '2017-03-23 17:16:01', 'sold'),
(43, 49, 151, 20, 'MMLA16E36GT011929', '15S4CQCTG3080007', '2017-03-23 17:16:46', 'sold'),
(43, 49, 152, 21, 'MMLA16E33GT011922', '15S4CQCTG3070023', '2017-03-23 17:18:33', 'sold'),
(19, 16, 153, 14, 'MMLZ14E33GT016450', '15S4CQBTG9160018', '2017-03-23 17:20:20', 'sold'),
(17, 14, 154, 11, 'MMLZ14E35GT016627', '15S4CQBTG9270014', '2017-03-23 17:21:04', 'sold');

-- --------------------------------------------------------

--
-- Table structure for table `products_models`
--

CREATE TABLE `products_models` (
  `model_brand_id` int(11) NOT NULL,
  `model_dealer_id` int(3) NOT NULL,
  `model_id` int(11) NOT NULL,
  `model_name` varchar(128) NOT NULL,
  `model_amount_reservation` int(4) NOT NULL COMMENT 'ยอดจอง',
  `model_amount_balance` int(4) NOT NULL COMMENT 'คงเหลือ',
  `model_amount_order` int(4) NOT NULL COMMENT 'สั่งเพิ่ม',
  `model_amount_total` int(4) NOT NULL COMMENT 'รวมทั้งหมด',
  `model_amount_sales` int(4) NOT NULL COMMENT 'ยอดขาย',
  `model_image_cover` int(11) NOT NULL
) ENGINE=InnoDB DEFAULT CHARSET=utf8;

--
-- Dumping data for table `products_models`
--

INSERT INTO `products_models` (`model_brand_id`, `model_dealer_id`, `model_id`, `model_name`, `model_amount_reservation`, `model_amount_balance`, `model_amount_order`, `model_amount_total`, `model_amount_sales`, `model_image_cover`) VALUES
(1, 1, 1, 'MG6', 4, 0, 4, 0, 1, 75),
(1, 1, 2, 'MG3', 25, 0, 25, 0, 28, 74),
(1, 1, 3, 'MG5', 10, 0, 10, 0, 9, 73),
(1, 1, 4, 'MG GS', 10, 0, 10, 0, 3, 76);

-- --------------------------------------------------------

--
-- Table structure for table `promotions`
--

CREATE TABLE `promotions` (
  `pro_id` int(11) NOT NULL,
  `pro_type` enum('percent','item','total','total_item','total_customer') NOT NULL COMMENT 'ลดราคาแบบ จำนวนเปอร์เซน นวนชิ้น',
  `pro_name` varchar(160) NOT NULL,
  `pro_discount` float(6,2) NOT NULL,
  `pro_has_qty` tinyint(1) NOT NULL,
  `pro_qty` int(2) NOT NULL COMMENT 'เมื่อซื้อของครบจำนวน',
  `pro_has_time` tinyint(1) NOT NULL,
  `pro_start_date` datetime NOT NULL,
  `pro_end_date` datetime NOT NULL,
  `pro_has_enddate` tinyint(1) NOT NULL,
  `pro_time_allday` tinyint(1) NOT NULL,
  `pro_emp_id` int(3) NOT NULL,
  `pro_created` datetime NOT NULL,
  `pro_status` enum('off','on','cancel') NOT NULL,
  `pro_is_join` tinyint(1) NOT NULL COMMENT '0 = ใช่ได้กับสินค้าทั้งหมด, 1 เฉพาะที่กำหนดสินค้าในรายการเท่านั้น'
) ENGINE=InnoDB DEFAULT CHARSET=utf8;

--
-- Dumping data for table `promotions`
--

INSERT INTO `promotions` (`pro_id`, `pro_type`, `pro_name`, `pro_discount`, `pro_has_qty`, `pro_qty`, `pro_has_time`, `pro_start_date`, `pro_end_date`, `pro_has_enddate`, `pro_time_allday`, `pro_emp_id`, `pro_created`, `pro_status`, `pro_is_join`) VALUES
(1, 'percent', 'GG', 5.00, 0, 10, 0, '2017-04-30 00:00:00', '2017-04-30 00:00:00', 0, 0, 6, '2017-04-30 13:14:10', 'off', 0),
(2, '', 'FOOT MASSAG', 50.00, 0, 0, 0, '0000-00-00 00:00:00', '0000-00-00 00:00:00', 0, 0, 0, '2017-05-07 16:48:33', 'off', 1),
(3, 'percent', 'Test', 50.00, 0, 0, 0, '0000-00-00 00:00:00', '0000-00-00 00:00:00', 0, 0, 0, '2017-05-07 16:56:13', 'off', 1),
(4, 'percent', 'asd', 23.00, 0, 0, 0, '0000-00-00 00:00:00', '0000-00-00 00:00:00', 0, 0, 6, '2017-05-07 17:01:06', 'off', 1),
(5, 'percent', 'xcvxv', 54.00, 0, 0, 0, '0000-00-00 00:00:00', '0000-00-00 00:00:00', 0, 0, 6, '2017-05-07 17:06:56', 'off', 1),
(6, 'percent', 'asd', 324.00, 0, 0, 0, '0000-00-00 00:00:00', '0000-00-00 00:00:00', 0, 0, 6, '2017-05-07 17:07:25', 'off', 1),
(7, 'percent', 'asd', 324.00, 0, 0, 0, '0000-00-00 00:00:00', '0000-00-00 00:00:00', 0, 0, 6, '2017-05-07 17:07:46', 'off', 1),
(8, 'percent', 'asd', 324.00, 0, 0, 0, '0000-00-00 00:00:00', '0000-00-00 00:00:00', 0, 0, 6, '2017-05-07 17:08:08', 'off', 1),
(9, 'percent', 'asd', 324.00, 0, 0, 0, '0000-00-00 00:00:00', '0000-00-00 00:00:00', 0, 0, 6, '2017-05-07 17:08:27', 'off', 1),
(10, 'percent', 'asd', 324.00, 0, 0, 0, '0000-00-00 00:00:00', '0000-00-00 00:00:00', 0, 0, 6, '2017-05-07 17:08:58', 'off', 1);

-- --------------------------------------------------------

--
-- Table structure for table `promotions_permit`
--

CREATE TABLE `promotions_permit` (
  `pro_id` int(11) NOT NULL,
  `obj_type` varchar(20) NOT NULL,
  `obj_id` int(11) NOT NULL
) ENGINE=InnoDB DEFAULT CHARSET=utf8;

--
-- Dumping data for table `promotions_permit`
--

INSERT INTO `promotions_permit` (`pro_id`, `obj_type`, `obj_id`) VALUES
(10, 'package', 13);

-- --------------------------------------------------------

--
-- Table structure for table `rooms`
--

CREATE TABLE `rooms` (
  `room_id` int(2) NOT NULL,
  `room_name` varchar(20) NOT NULL,
  `room_floor` int(3) NOT NULL,
  `room_price_type` varchar(10) NOT NULL,
  `room_price` float(6,2) NOT NULL,
  `room_status` enum('on','off','renovate') NOT NULL,
  `room_bed` int(1) NOT NULL,
  `room_person` int(2) NOT NULL,
  `room_timer` int(4) NOT NULL,
  `room_level` enum('basic','baths','vip') NOT NULL
) ENGINE=InnoDB DEFAULT CHARSET=utf8;

--
-- Dumping data for table `rooms`
--

INSERT INTO `rooms` (`room_id`, `room_name`, `room_floor`, `room_price_type`, `room_price`, `room_status`, `room_bed`, `room_person`, `room_timer`, `room_level`) VALUES
(3, 'นวดเท้า', 1, '', 0.00, 'on', 0, 0, 0, 'basic'),
(4, 'นวดออย', 1, '', 0.00, 'on', 0, 0, 0, 'basic'),
(5, '1', 2, '', 0.00, 'on', 0, 0, 0, 'basic'),
(6, '2', 2, '', 0.00, 'on', 0, 0, 0, 'basic'),
(7, '3', 2, '', 0.00, 'on', 0, 0, 0, 'basic'),
(8, '4', 2, '', 0.00, 'on', 0, 0, 0, 'basic'),
(9, '5', 2, '', 0.00, 'on', 0, 0, 0, 'basic'),
(10, '6', 2, '', 0.00, 'on', 0, 0, 0, 'basic'),
(11, '7', 2, '', 0.00, 'on', 0, 0, 0, 'basic'),
(12, 'V 3-1', 3, '', 0.00, 'on', 0, 0, 0, 'basic'),
(13, 'V 3-2', 3, '', 0.00, 'on', 0, 0, 0, 'basic'),
(14, 'V 3-3', 3, '', 0.00, 'on', 0, 0, 0, 'basic'),
(15, 'V 3-4', 3, '', 0.00, 'on', 0, 0, 0, 'basic'),
(16, 'V 3-5', 3, '', 0.00, 'on', 0, 0, 0, 'basic'),
(17, 'V 3-6', 3, '', 0.00, 'on', 0, 0, 0, 'basic'),
(18, 'V 3-7', 3, '', 0.00, 'on', 0, 0, 0, 'basic'),
(19, 'V 3-8', 3, '', 0.00, 'on', 0, 0, 0, 'basic'),
(20, 'V 3-9', 3, '', 0.00, 'on', 0, 0, 0, 'basic'),
(21, 'V 3-10', 3, '', 0.00, 'on', 0, 0, 0, 'basic'),
(22, 'V 3-11', 3, '', 0.00, 'on', 0, 0, 0, 'basic'),
(23, 'V 3-12', 3, '', 0.00, 'on', 0, 0, 0, 'basic'),
(24, 'นวดเท้า', 3, '', 0.00, 'on', 0, 0, 0, 'basic'),
(25, 'นวดเท้า', 4, '', 0.00, 'on', 0, 0, 0, 'basic'),
(26, 'SPA 1', 4, '', 0.00, 'on', 0, 0, 0, 'basic'),
(27, 'SPA 2', 4, '', 0.00, 'on', 0, 0, 0, 'basic'),
(28, 'SPA 3', 4, '', 0.00, 'on', 0, 0, 0, 'basic'),
(29, 'SPA 4', 4, '', 0.00, 'on', 0, 0, 0, 'basic'),
(30, 'นวดออย', 4, '', 0.00, 'on', 0, 0, 0, 'basic'),
(31, '5-1', 5, '', 0.00, 'on', 0, 0, 0, 'basic'),
(32, '5-2', 5, '', 0.00, 'on', 0, 0, 0, 'basic'),
(33, '5-3', 5, '', 0.00, 'on', 0, 0, 0, 'basic'),
(34, '5-4', 5, '', 0.00, 'on', 0, 0, 0, 'basic'),
(35, '5-5', 5, '', 0.00, 'on', 0, 0, 0, 'basic'),
(36, '5-6', 5, '', 0.00, 'on', 0, 0, 0, 'basic'),
(37, '5-7', 5, '', 0.00, 'on', 0, 0, 0, 'basic'),
(38, '5-8', 5, '', 0.00, 'on', 0, 0, 0, 'basic'),
(39, '5-9', 5, '', 0.00, 'on', 0, 0, 0, 'basic'),
(40, '5-10', 5, '', 0.00, 'on', 0, 0, 0, 'basic'),
(41, '5-11', 5, '', 0.00, 'on', 0, 0, 0, 'basic'),
(42, 'SHOWER', 4, '', 0.00, 'on', 0, 0, 0, 'basic'),
(43, '6-1', 6, '', 0.00, 'on', 0, 0, 0, 'basic'),
(44, '6-2', 6, '', 0.00, 'on', 0, 0, 0, 'basic'),
(45, '6-3', 6, '', 0.00, 'on', 0, 0, 0, 'basic'),
(46, '6-5', 6, '', 0.00, 'on', 0, 0, 0, 'basic');

-- --------------------------------------------------------

--
-- Table structure for table `rooms_bed`
--

CREATE TABLE `rooms_bed` (
  `bed_id` int(3) NOT NULL,
  `bed_code` varchar(5) NOT NULL,
  `bed_name` varchar(15) NOT NULL,
  `bed_status` enum('on','off') NOT NULL,
  `bed_room_id` int(2) NOT NULL
) ENGINE=InnoDB DEFAULT CHARSET=utf8;

--
-- Dumping data for table `rooms_bed`
--

INSERT INTO `rooms_bed` (`bed_id`, `bed_code`, `bed_name`, `bed_status`, `bed_room_id`) VALUES
(1, '', '1', 'on', 3),
(2, '', '2', 'on', 3),
(3, '', '3', 'on', 3),
(4, '', '4', 'on', 3),
(5, '', '5', 'on', 3),
(6, '', '6', 'on', 3),
(7, '', '7', 'on', 3),
(8, '', '8', 'on', 3),
(9, '', '9', 'on', 3),
(10, '', '10', 'on', 3),
(11, '', '11', 'on', 3),
(12, '', '12', 'on', 3),
(13, '', '13', 'on', 3),
(14, '', '14', 'on', 3),
(15, '', '15', 'on', 3),
(16, '', '16', 'on', 3),
(17, '', '17', 'on', 3),
(18, '', '18', 'on', 3),
(19, '', '19', 'on', 3),
(20, '', '20', 'on', 3),
(21, '', '1', 'on', 4),
(22, '', '2', 'on', 4),
(23, '', '4', 'on', 4),
(24, '', '4', 'on', 4),
(25, '', '1', 'on', 5),
(26, '', '2', 'on', 5),
(27, '', '3', 'on', 5),
(28, '', '4', 'on', 5),
(29, '', '5', 'on', 5),
(30, '', '6', 'on', 6),
(31, '', '7', 'on', 6),
(32, '', '8', 'on', 6),
(33, '', '9', 'on', 6),
(34, '', '10', 'on', 6),
(35, '', '11', 'on', 6),
(36, '', '12', 'on', 7),
(37, '', '13', 'on', 7),
(38, '', '14', 'on', 7),
(39, '', '15', 'on', 7),
(40, '', '16', 'on', 7),
(41, '', '17', 'on', 7),
(42, '', '1', 'on', 8),
(43, '', '2', 'on', 8),
(44, '', '3', 'on', 8),
(45, '', '4', 'on', 8),
(46, '', '5', 'on', 8),
(47, '', '6', 'on', 8),
(48, '', '7', 'on', 8),
(49, '', '8', 'on', 8),
(50, '', '9', 'on', 9),
(51, '', '10', 'on', 9),
(52, '', '11', 'on', 9),
(53, '', '12', 'on', 9),
(54, '', '13', 'on', 9),
(55, '', '1', 'on', 10),
(56, '', '2', 'on', 10),
(57, '', '3', 'on', 10),
(58, '', '4', 'on', 10),
(59, '', '5', 'on', 10),
(60, '', '6', 'on', 11),
(61, '', '7', 'on', 11),
(62, '', '8', 'on', 11),
(63, '', '9', 'on', 11),
(64, '', '10', 'on', 11),
(65, '', '11', 'on', 11),
(66, '', '12', 'on', 11),
(67, '', '13', 'on', 11),
(68, '', '1', 'on', 12),
(69, '', '2', 'on', 12),
(70, '', '1', 'on', 13),
(71, '', '2', 'on', 13),
(72, '', '1', 'on', 14),
(73, '', '2', 'on', 14),
(74, '', '3', 'on', 14),
(75, '', '4', 'on', 14),
(76, '', '5', 'on', 14),
(77, '', '6', 'on', 14),
(78, '', '1', 'on', 15),
(79, '', '2', 'on', 15),
(80, '', '1', 'on', 16),
(81, '', '2', 'on', 16),
(82, '', '3', 'on', 16),
(83, '', '4', 'on', 16),
(84, '', '5', 'on', 16),
(85, '', '1', 'on', 17),
(86, '', '2', 'on', 17),
(87, '', '3', 'on', 17),
(88, '', '1', 'on', 18),
(89, '', '2', 'on', 18),
(90, '', '1', 'on', 19),
(91, '', '2', 'on', 19),
(92, '', '1', 'on', 20),
(93, '', '2', 'on', 20),
(94, '', '1', 'on', 21),
(95, '', '2', 'on', 21),
(96, '', '1', 'on', 22),
(97, '', '2', 'on', 22),
(98, '', '3', 'on', 22),
(99, '', '4', 'on', 22),
(100, '', '5', 'on', 22),
(101, '', '1', 'on', 23),
(102, '', '2', 'on', 23),
(103, '', '1', 'on', 24),
(104, '', '2', 'on', 24),
(105, '', '3', 'on', 24),
(106, '', '4', 'on', 24),
(107, '', '1', 'on', 25),
(108, '', '2', 'on', 25),
(109, '', '3', 'on', 25),
(110, '', '4', 'on', 25),
(111, '', '5', 'on', 25),
(112, '', '6', 'on', 25),
(113, '', '7', 'on', 25),
(114, '', '8', 'on', 25),
(115, '', '9', 'on', 25),
(116, '', '10', 'on', 25),
(117, '', '11', 'on', 25),
(118, '', '12', 'on', 25),
(119, '', '13', 'on', 25),
(120, '', '14', 'on', 25),
(121, '', '15', 'on', 25),
(122, '', '16', 'on', 25),
(123, '', '1', 'on', 26),
(124, '', '1', 'on', 27),
(125, '', '1', 'on', 28),
(126, '', '1', 'on', 29),
(127, '', '1', 'on', 30),
(128, '', '2', 'on', 30),
(129, '', '3', 'on', 30),
(130, '', '4', 'on', 30),
(131, '', '1', 'on', 31),
(132, '', '2', 'on', 31),
(133, '', '1', 'on', 32),
(134, '', '2', 'on', 32),
(135, '', '1', 'on', 33),
(136, '', '2', 'on', 33),
(137, '', '3', 'on', 33),
(138, '', '4', 'on', 33),
(139, '', '5', 'on', 33),
(140, '', '6', 'on', 33),
(141, '', '1', 'on', 34),
(142, '', '2', 'on', 34),
(143, '', '3', 'on', 34),
(144, '', '4', 'on', 34),
(145, '', '1', 'on', 35),
(146, '', '2', 'on', 35),
(147, '', '1', 'on', 36),
(148, '', '2', 'on', 36),
(149, '', '1', 'on', 37),
(150, '', '2', 'on', 37),
(151, '', '3', 'on', 37),
(152, '', '1', 'on', 38),
(153, '', '2', 'on', 38),
(154, '', '3', 'on', 38),
(155, '', '4', 'on', 38),
(156, '', '1', 'on', 39),
(157, '', '2', 'on', 39),
(158, '', '3', 'on', 39),
(159, '', '4', 'on', 39),
(160, '', '1', 'on', 40),
(161, '', '2', 'on', 40),
(162, '', '3', 'on', 40),
(163, '', '4', 'on', 40),
(164, '', '5', 'on', 40),
(165, '', '6', 'on', 40),
(166, '', '7', 'on', 40),
(167, '', '1', 'on', 41),
(168, '', '2', 'on', 41),
(169, '', '3', 'on', 41),
(170, '', '4', 'on', 41),
(171, '', '5', 'on', 41),
(172, '', '6', 'on', 41),
(173, '', '7', 'on', 41),
(174, '', 'AKASURI', 'on', 42),
(175, '', 'Sauna', 'on', 42),
(176, '', '1', 'on', 43),
(177, '', '2', 'on', 43),
(178, '', '3', 'on', 43),
(179, '', '4', 'on', 43),
(180, '', '1', 'on', 44),
(181, '', '2', 'on', 44),
(182, '', '3', 'on', 44),
(183, '', '4', 'on', 44),
(184, '', '1', 'on', 45),
(185, '', '2', 'on', 45),
(186, '', '3', 'on', 45),
(187, '', '4', 'on', 45),
(188, '', '1', 'on', 46),
(189, '', '2', 'on', 46),
(190, '', '3', 'on', 46),
(191, '', '4', 'on', 46),
(192, '', '5', 'on', 46),
(193, '', '6', 'on', 46);

-- --------------------------------------------------------

--
-- Table structure for table `rooms_floors`
--

CREATE TABLE `rooms_floors` (
  `floor_dealer_id` int(2) NOT NULL,
  `floor_id` int(3) NOT NULL,
  `floor_name` varchar(30) NOT NULL
) ENGINE=InnoDB DEFAULT CHARSET=utf8;

--
-- Dumping data for table `rooms_floors`
--

INSERT INTO `rooms_floors` (`floor_dealer_id`, `floor_id`, `floor_name`) VALUES
(1, 1, '1'),
(1, 2, '2'),
(1, 3, '3'),
(1, 4, '4'),
(1, 5, '5'),
(1, 6, '6');

-- --------------------------------------------------------

--
-- Table structure for table `system_activity`
--

CREATE TABLE `system_activity` (
  `obj_id` int(11) NOT NULL,
  `obj_type` int(11) NOT NULL,
  `emp_id` int(11) NOT NULL,
  `text` text NOT NULL,
  `link` varchar(100) NOT NULL,
  `updated` datetime NOT NULL
) ENGINE=InnoDB DEFAULT CHARSET=utf8;

-- --------------------------------------------------------

--
-- Table structure for table `system_info`
--

CREATE TABLE `system_info` (
  `option_name` varchar(160) NOT NULL,
  `option_value` longtext NOT NULL
) ENGINE=InnoDB DEFAULT CHARSET=utf8;

--
-- Dumping data for table `system_info`
--

INSERT INTO `system_info` (`option_name`, `option_value`) VALUES
('type', 'article'),
('name', 'Arima Onsen Thailand'),
('address', '37/10-14 Soi Suriwongse Plaza, Suriwongse Road, Bangrak, Bangkok 10500'),
('phone', '(66)0-2235-2142-3, (66)0-2632-7041-2'),
('title', 'Arima Onsen');

-- --------------------------------------------------------

--
-- Table structure for table `system_notes`
--

CREATE TABLE `system_notes` (
  `note_id` int(11) NOT NULL,
  `note_date` datetime NOT NULL,
  `note_text` text NOT NULL,
  `note_emp_id` int(11) NOT NULL,
  `note_obj_id` int(11) NOT NULL,
  `note_obj_type` varchar(10) NOT NULL
) ENGINE=InnoDB DEFAULT CHARSET=utf8;

--
-- Dumping data for table `system_notes`
--

INSERT INTO `system_notes` (`note_id`, `note_date`, `note_text`, `note_emp_id`, `note_obj_id`, `note_obj_type`) VALUES
(5, '2017-03-27 09:29:48', 'ทดสอบ 2', 6, 92, 'customer'),
(6, '2017-03-27 10:30:21', 'ทดสอบ', 6, 20, 'employee'),
(7, '2017-03-27 10:49:24', 'ทดสอบ', 6, 138, 'customer');

-- --------------------------------------------------------

--
-- Table structure for table `system_paytype`
--

CREATE TABLE `system_paytype` (
  `pay_id` int(11) NOT NULL,
  `pay_name` varchar(30) NOT NULL
) ENGINE=InnoDB DEFAULT CHARSET=utf8;

--
-- Dumping data for table `system_paytype`
--

INSERT INTO `system_paytype` (`pay_id`, `pay_name`) VALUES
(1, 'Cash'),
(2, 'Credit'),
(3, 'Check');

--
-- Indexes for dumped tables
--

--
-- Indexes for table `city`
--
ALTER TABLE `city`
  ADD PRIMARY KEY (`city_id`);

--
-- Indexes for table `customers`
--
ALTER TABLE `customers`
  ADD PRIMARY KEY (`cus_id`),
  ADD KEY `cus_sale_id` (`cus_emp_id`);

--
-- Indexes for table `customers_level`
--
ALTER TABLE `customers_level`
  ADD PRIMARY KEY (`level_id`);

--
-- Indexes for table `customers_options`
--
ALTER TABLE `customers_options`
  ADD PRIMARY KEY (`option_id`);

--
-- Indexes for table `dealer`
--
ALTER TABLE `dealer`
  ADD PRIMARY KEY (`dealer_id`);

--
-- Indexes for table `dealer_paytype_permit`
--
ALTER TABLE `dealer_paytype_permit`
  ADD KEY `pay_id` (`pay_id`),
  ADD KEY `dealer_id` (`dealer_id`);

--
-- Indexes for table `employees`
--
ALTER TABLE `employees`
  ADD PRIMARY KEY (`emp_id`),
  ADD KEY `emp_dep_id` (`emp_dep_id`),
  ADD KEY `emp_pos_id` (`emp_pos_id`),
  ADD KEY `emp_dealer_id` (`emp_dealer_id`),
  ADD KEY `emp_image_id` (`emp_image_id`),
  ADD KEY `emp_id` (`emp_id`);

--
-- Indexes for table `emp_clocking`
--
ALTER TABLE `emp_clocking`
  ADD PRIMARY KEY (`clock_id`),
  ADD KEY `ckock_emp_id` (`ckock_emp_id`);

--
-- Indexes for table `emp_department`
--
ALTER TABLE `emp_department`
  ADD PRIMARY KEY (`dep_id`);

--
-- Indexes for table `emp_job_queue`
--
ALTER TABLE `emp_job_queue`
  ADD PRIMARY KEY (`q_id`);

--
-- Indexes for table `emp_position`
--
ALTER TABLE `emp_position`
  ADD PRIMARY KEY (`pos_id`),
  ADD KEY `pos_dep_id` (`pos_dep_id`);

--
-- Indexes for table `emp_skill`
--
ALTER TABLE `emp_skill`
  ADD PRIMARY KEY (`skill_id`);

--
-- Indexes for table `emp_skill_permit`
--
ALTER TABLE `emp_skill_permit`
  ADD KEY `skill_id` (`skill_id`),
  ADD KEY `emp_id` (`emp_id`);

--
-- Indexes for table `invoices`
--
ALTER TABLE `invoices`
  ADD PRIMARY KEY (`inv_id`),
  ADD KEY `inv_order_id` (`inv_order_id`),
  ADD KEY `inv_id` (`inv_id`),
  ADD KEY `inv_emp_id` (`inv_emp_id`),
  ADD KEY `inv_pay_type` (`inv_paytype`);

--
-- Indexes for table `media`
--
ALTER TABLE `media`
  ADD PRIMARY KEY (`media_id`),
  ADD KEY `media_album_id` (`media_album_id`),
  ADD KEY `media_emp_id` (`media_emp_id`);

--
-- Indexes for table `media_albums`
--
ALTER TABLE `media_albums`
  ADD PRIMARY KEY (`album_id`),
  ADD KEY `album_obj_id` (`album_obj_id`),
  ADD KEY `album_obj_type` (`album_obj_type`);

--
-- Indexes for table `orders`
--
ALTER TABLE `orders`
  ADD PRIMARY KEY (`order_id`),
  ADD KEY `order_cus_id` (`order_cus_id`),
  ADD KEY `order_bed_id` (`order_bed_id`),
  ADD KEY `order_emp_id` (`order_emp_id`),
  ADD KEY `order_id` (`order_id`);

--
-- Indexes for table `orders_items`
--
ALTER TABLE `orders_items`
  ADD PRIMARY KEY (`item_id`),
  ADD KEY `item_order_id` (`item_order_id`),
  ADD KEY `item_pack_id` (`item_pack_id`);

--
-- Indexes for table `orders_items_emp_permit`
--
ALTER TABLE `orders_items_emp_permit`
  ADD KEY `item_id` (`item_id`),
  ADD KEY `emp_id` (`emp_id`);

--
-- Indexes for table `package`
--
ALTER TABLE `package`
  ADD PRIMARY KEY (`pack_id`),
  ADD KEY `pack_id` (`pack_id`),
  ADD KEY `pack_emp_id` (`pack_emp_id`),
  ADD KEY `pack_dealer_id` (`pack_dealer_id`);

--
-- Indexes for table `package_skill`
--
ALTER TABLE `package_skill`
  ADD KEY `pack_id` (`pack_id`),
  ADD KEY `skill_id` (`skill_id`);

--
-- Indexes for table `products`
--
ALTER TABLE `products`
  ADD PRIMARY KEY (`pro_id`),
  ADD KEY `pro_model_id` (`pro_model_id`);

--
-- Indexes for table `products_activity`
--
ALTER TABLE `products_activity`
  ADD PRIMARY KEY (`act_id`);

--
-- Indexes for table `products_brands`
--
ALTER TABLE `products_brands`
  ADD PRIMARY KEY (`brand_id`);

--
-- Indexes for table `products_items`
--
ALTER TABLE `products_items`
  ADD PRIMARY KEY (`item_id`);

--
-- Indexes for table `products_models`
--
ALTER TABLE `products_models`
  ADD PRIMARY KEY (`model_id`),
  ADD KEY `model_brand_id` (`model_brand_id`),
  ADD KEY `model_dealer_id` (`model_dealer_id`);

--
-- Indexes for table `promotions`
--
ALTER TABLE `promotions`
  ADD PRIMARY KEY (`pro_id`),
  ADD KEY `pro_emp_id` (`pro_emp_id`),
  ADD KEY `pro_id` (`pro_id`);

--
-- Indexes for table `promotions_permit`
--
ALTER TABLE `promotions_permit`
  ADD KEY `pro_id` (`pro_id`),
  ADD KEY `pack_id` (`obj_type`),
  ADD KEY `obj_id` (`obj_id`);

--
-- Indexes for table `rooms`
--
ALTER TABLE `rooms`
  ADD PRIMARY KEY (`room_id`),
  ADD KEY `room_id` (`room_id`),
  ADD KEY `room_floor` (`room_floor`);

--
-- Indexes for table `rooms_bed`
--
ALTER TABLE `rooms_bed`
  ADD PRIMARY KEY (`bed_id`),
  ADD KEY `bed_room_id` (`bed_room_id`),
  ADD KEY `bed_id` (`bed_id`);

--
-- Indexes for table `rooms_floors`
--
ALTER TABLE `rooms_floors`
  ADD PRIMARY KEY (`floor_id`),
  ADD KEY `floor_dealer_id` (`floor_dealer_id`),
  ADD KEY `floor_id` (`floor_id`);

--
-- Indexes for table `system_activity`
--
ALTER TABLE `system_activity`
  ADD KEY `obj_id` (`obj_id`),
  ADD KEY `emp_id` (`emp_id`);

--
-- Indexes for table `system_info`
--
ALTER TABLE `system_info`
  ADD KEY `option_name` (`option_name`);

--
-- Indexes for table `system_notes`
--
ALTER TABLE `system_notes`
  ADD PRIMARY KEY (`note_id`),
  ADD KEY `note_emp_id` (`note_emp_id`),
  ADD KEY `note_obj_id` (`note_obj_id`),
  ADD KEY `note_obj_id_2` (`note_obj_id`),
  ADD KEY `note_emp_id_2` (`note_emp_id`),
  ADD KEY `note_obj_id_3` (`note_obj_id`);

--
-- Indexes for table `system_paytype`
--
ALTER TABLE `system_paytype`
  ADD PRIMARY KEY (`pay_id`),
  ADD KEY `pay_id` (`pay_id`);

--
-- AUTO_INCREMENT for dumped tables
--

--
-- AUTO_INCREMENT for table `city`
--
ALTER TABLE `city`
  MODIFY `city_id` int(5) NOT NULL AUTO_INCREMENT, AUTO_INCREMENT=78;
--
-- AUTO_INCREMENT for table `customers`
--
ALTER TABLE `customers`
  MODIFY `cus_id` int(11) NOT NULL AUTO_INCREMENT, AUTO_INCREMENT=140;
--
-- AUTO_INCREMENT for table `customers_level`
--
ALTER TABLE `customers_level`
  MODIFY `level_id` int(11) NOT NULL AUTO_INCREMENT, AUTO_INCREMENT=4;
--
-- AUTO_INCREMENT for table `customers_options`
--
ALTER TABLE `customers_options`
  MODIFY `option_id` int(20) NOT NULL AUTO_INCREMENT, AUTO_INCREMENT=427;
--
-- AUTO_INCREMENT for table `dealer`
--
ALTER TABLE `dealer`
  MODIFY `dealer_id` int(3) NOT NULL AUTO_INCREMENT, AUTO_INCREMENT=3;
--
-- AUTO_INCREMENT for table `employees`
--
ALTER TABLE `employees`
  MODIFY `emp_id` int(4) NOT NULL AUTO_INCREMENT, AUTO_INCREMENT=194;
--
-- AUTO_INCREMENT for table `emp_clocking`
--
ALTER TABLE `emp_clocking`
  MODIFY `clock_id` int(11) NOT NULL AUTO_INCREMENT;
--
-- AUTO_INCREMENT for table `emp_department`
--
ALTER TABLE `emp_department`
  MODIFY `dep_id` int(11) NOT NULL AUTO_INCREMENT, AUTO_INCREMENT=13;
--
-- AUTO_INCREMENT for table `emp_job_queue`
--
ALTER TABLE `emp_job_queue`
  MODIFY `q_id` int(11) NOT NULL AUTO_INCREMENT;
--
-- AUTO_INCREMENT for table `emp_position`
--
ALTER TABLE `emp_position`
  MODIFY `pos_id` int(11) NOT NULL AUTO_INCREMENT, AUTO_INCREMENT=7;
--
-- AUTO_INCREMENT for table `emp_skill`
--
ALTER TABLE `emp_skill`
  MODIFY `skill_id` int(11) NOT NULL AUTO_INCREMENT, AUTO_INCREMENT=8;
--
-- AUTO_INCREMENT for table `invoices`
--
ALTER TABLE `invoices`
  MODIFY `inv_id` int(11) NOT NULL AUTO_INCREMENT;
--
-- AUTO_INCREMENT for table `media`
--
ALTER TABLE `media`
  MODIFY `media_id` int(11) NOT NULL AUTO_INCREMENT, AUTO_INCREMENT=80;
--
-- AUTO_INCREMENT for table `media_albums`
--
ALTER TABLE `media_albums`
  MODIFY `album_id` int(11) NOT NULL AUTO_INCREMENT, AUTO_INCREMENT=2;
--
-- AUTO_INCREMENT for table `orders`
--
ALTER TABLE `orders`
  MODIFY `order_id` int(11) NOT NULL AUTO_INCREMENT;
--
-- AUTO_INCREMENT for table `orders_items`
--
ALTER TABLE `orders_items`
  MODIFY `item_id` int(11) NOT NULL AUTO_INCREMENT;
--
-- AUTO_INCREMENT for table `package`
--
ALTER TABLE `package`
  MODIFY `pack_id` int(11) NOT NULL AUTO_INCREMENT, AUTO_INCREMENT=14;
--
-- AUTO_INCREMENT for table `products`
--
ALTER TABLE `products`
  MODIFY `pro_id` int(11) NOT NULL AUTO_INCREMENT, AUTO_INCREMENT=44;
--
-- AUTO_INCREMENT for table `products_activity`
--
ALTER TABLE `products_activity`
  MODIFY `act_id` int(11) NOT NULL AUTO_INCREMENT, AUTO_INCREMENT=52;
--
-- AUTO_INCREMENT for table `products_brands`
--
ALTER TABLE `products_brands`
  MODIFY `brand_id` int(11) NOT NULL AUTO_INCREMENT, AUTO_INCREMENT=2;
--
-- AUTO_INCREMENT for table `products_items`
--
ALTER TABLE `products_items`
  MODIFY `item_id` int(11) NOT NULL AUTO_INCREMENT, AUTO_INCREMENT=155;
--
-- AUTO_INCREMENT for table `products_models`
--
ALTER TABLE `products_models`
  MODIFY `model_id` int(11) NOT NULL AUTO_INCREMENT, AUTO_INCREMENT=5;
--
-- AUTO_INCREMENT for table `promotions`
--
ALTER TABLE `promotions`
  MODIFY `pro_id` int(11) NOT NULL AUTO_INCREMENT, AUTO_INCREMENT=11;
--
-- AUTO_INCREMENT for table `rooms`
--
ALTER TABLE `rooms`
  MODIFY `room_id` int(2) NOT NULL AUTO_INCREMENT, AUTO_INCREMENT=47;
--
-- AUTO_INCREMENT for table `rooms_bed`
--
ALTER TABLE `rooms_bed`
  MODIFY `bed_id` int(3) NOT NULL AUTO_INCREMENT, AUTO_INCREMENT=194;
--
-- AUTO_INCREMENT for table `rooms_floors`
--
ALTER TABLE `rooms_floors`
  MODIFY `floor_id` int(3) NOT NULL AUTO_INCREMENT, AUTO_INCREMENT=7;
--
-- AUTO_INCREMENT for table `system_notes`
--
ALTER TABLE `system_notes`
  MODIFY `note_id` int(11) NOT NULL AUTO_INCREMENT, AUTO_INCREMENT=8;
--
-- AUTO_INCREMENT for table `system_paytype`
--
ALTER TABLE `system_paytype`
  MODIFY `pay_id` int(11) NOT NULL AUTO_INCREMENT, AUTO_INCREMENT=4;
/*!40101 SET CHARACTER_SET_CLIENT=@OLD_CHARACTER_SET_CLIENT */;
/*!40101 SET CHARACTER_SET_RESULTS=@OLD_CHARACTER_SET_RESULTS */;
/*!40101 SET COLLATION_CONNECTION=@OLD_COLLATION_CONNECTION */;
